bed,bath,area,zip,price,house_id,bathroom_image,bedroom_image,frontal_image,kitchen_image
4,4,4053,85255,869500,1,Houses Dataset\1_bathroom.jpg,Houses Dataset\1_bedroom.jpg,Houses Dataset\1_frontal.jpg,Houses Dataset\1_kitchen.jpg
4,3,3343,36372,865200,2,Houses Dataset\2_bathroom.jpg,Houses Dataset\2_bedroom.jpg,Houses Dataset\2_frontal.jpg,Houses Dataset\2_kitchen.jpg
3,4,3923,85266,889000,3,Houses Dataset\3_bathroom.jpg,Houses Dataset\3_bedroom.jpg,Houses Dataset\3_frontal.jpg,Houses Dataset\3_kitchen.jpg
5,5,4022,85262,910000,4,Houses Dataset\4_bathroom.jpg,Houses Dataset\4_bedroom.jpg,Houses Dataset\4_frontal.jpg,Houses Dataset\4_kitchen.jpg
3,4,4116,85266,971226,5,Houses Dataset\5_bathroom.jpg,Houses Dataset\5_bedroom.jpg,Houses Dataset\5_frontal.jpg,Houses Dataset\5_kitchen.jpg
4,5,4581,85266,1249000,6,Houses Dataset\6_bathroom.jpg,Houses Dataset\6_bedroom.jpg,Houses Dataset\6_frontal.jpg,Houses Dataset\6_kitchen.jpg
3,4,2544,85262,799000,7,Houses Dataset\7_bathroom.jpg,Houses Dataset\7_bedroom.jpg,Houses Dataset\7_frontal.jpg,Houses Dataset\7_kitchen.jpg
4,5,5524,85266,1698000,8,Houses Dataset\8_bathroom.jpg,Houses Dataset\8_bedroom.jpg,Houses Dataset\8_frontal.jpg,Houses Dataset\8_kitchen.jpg
3,4,4229,85255,1749000,9,Houses Dataset\9_bathroom.jpg,Houses Dataset\9_bedroom.jpg,Houses Dataset\9_frontal.jpg,Houses Dataset\9_kitchen.jpg
4,5,3550,85262,1500000,10,Houses Dataset\10_bathroom.jpg,Houses Dataset\10_bedroom.jpg,Houses Dataset\10_frontal.jpg,Houses Dataset\10_kitchen.jpg
5,5,4829,85266,519200,11,Houses Dataset\11_bathroom.jpg,Houses Dataset\11_bedroom.jpg,Houses Dataset\11_frontal.jpg,Houses Dataset\11_kitchen.jpg
4,4,3428,85255,1039000,12,Houses Dataset\12_bathroom.jpg,Houses Dataset\12_bedroom.jpg,Houses Dataset\12_frontal.jpg,Houses Dataset\12_kitchen.jpg
5,3,5462,85266,799000,13,Houses Dataset\13_bathroom.jpg,Houses Dataset\13_bedroom.jpg,Houses Dataset\13_frontal.jpg,Houses Dataset\13_kitchen.jpg
4,4,4021,85266,889000,14,Houses Dataset\14_bathroom.jpg,Houses Dataset\14_bedroom.jpg,Houses Dataset\14_frontal.jpg,Houses Dataset\14_kitchen.jpg
5,5,4406,85266,700000,15,Houses Dataset\15_bathroom.jpg,Houses Dataset\15_bedroom.jpg,Houses Dataset\15_frontal.jpg,Houses Dataset\15_kitchen.jpg
4,4,3721,85255,500000,16,Houses Dataset\16_bathroom.jpg,Houses Dataset\16_bedroom.jpg,Houses Dataset\16_frontal.jpg,Houses Dataset\16_kitchen.jpg
5,3,3710,85331,740000,17,Houses Dataset\17_bathroom.jpg,Houses Dataset\17_bedroom.jpg,Houses Dataset\17_frontal.jpg,Houses Dataset\17_kitchen.jpg
3,4,2748,85255,725000,18,Houses Dataset\18_bathroom.jpg,Houses Dataset\18_bedroom.jpg,Houses Dataset\18_frontal.jpg,Houses Dataset\18_kitchen.jpg
5,4,4190,85255,1199000,19,Houses Dataset\19_bathroom.jpg,Houses Dataset\19_bedroom.jpg,Houses Dataset\19_frontal.jpg,Houses Dataset\19_kitchen.jpg
3,3.5,4143,85266,925000,20,Houses Dataset\20_bathroom.jpg,Houses Dataset\20_bedroom.jpg,Houses Dataset\20_frontal.jpg,Houses Dataset\20_kitchen.jpg
3,3.5,4229,85255,1749000,21,Houses Dataset\21_bathroom.jpg,Houses Dataset\21_bedroom.jpg,Houses Dataset\21_frontal.jpg,Houses Dataset\21_kitchen.jpg
6,6.5,5963,85262,1595000,22,Houses Dataset\22_bathroom.jpg,Houses Dataset\22_bedroom.jpg,Houses Dataset\22_frontal.jpg,Houses Dataset\22_kitchen.jpg
3,3,2685,85255,799900,23,Houses Dataset\23_bathroom.jpg,Houses Dataset\23_bedroom.jpg,Houses Dataset\23_frontal.jpg,Houses Dataset\23_kitchen.jpg
5,5,5677,85377,1375000,24,Houses Dataset\24_bathroom.jpg,Houses Dataset\24_bedroom.jpg,Houses Dataset\24_frontal.jpg,Houses Dataset\24_kitchen.jpg
4,4.5,4031,85262,1345000,25,Houses Dataset\25_bathroom.jpg,Houses Dataset\25_bedroom.jpg,Houses Dataset\25_frontal.jpg,Houses Dataset\25_kitchen.jpg
4,4,4954,85262,1290000,26,Houses Dataset\26_bathroom.jpg,Houses Dataset\26_bedroom.jpg,Houses Dataset\26_frontal.jpg,Houses Dataset\26_kitchen.jpg
4,4.5,3550,85262,962500,27,Houses Dataset\27_bathroom.jpg,Houses Dataset\27_bedroom.jpg,Houses Dataset\27_frontal.jpg,Houses Dataset\27_kitchen.jpg
5,4.5,4180,85266,875000,28,Houses Dataset\28_bathroom.jpg,Houses Dataset\28_bedroom.jpg,Houses Dataset\28_frontal.jpg,Houses Dataset\28_kitchen.jpg
4,4,4464,85377,1650000,29,Houses Dataset\29_bathroom.jpg,Houses Dataset\29_bedroom.jpg,Houses Dataset\29_frontal.jpg,Houses Dataset\29_kitchen.jpg
5,4.5,4829,85266,1199000,30,Houses Dataset\30_bathroom.jpg,Houses Dataset\30_bedroom.jpg,Houses Dataset\30_frontal.jpg,Houses Dataset\30_kitchen.jpg
5,3,2520,93446,789000,31,Houses Dataset\31_bathroom.jpg,Houses Dataset\31_bedroom.jpg,Houses Dataset\31_frontal.jpg,Houses Dataset\31_kitchen.jpg
4,3.5,3428,85255,1039000,32,Houses Dataset\32_bathroom.jpg,Houses Dataset\32_bedroom.jpg,Houses Dataset\32_frontal.jpg,Houses Dataset\32_kitchen.jpg
3,2,1802,93446,365000,33,Houses Dataset\33_bathroom.jpg,Houses Dataset\33_bedroom.jpg,Houses Dataset\33_frontal.jpg,Houses Dataset\33_kitchen.jpg
3,3.5,2873,85262,1695000,34,Houses Dataset\34_bathroom.jpg,Houses Dataset\34_bedroom.jpg,Houses Dataset\34_frontal.jpg,Houses Dataset\34_kitchen.jpg
4,4,3260,85377,999000,35,Houses Dataset\35_bathroom.jpg,Houses Dataset\35_bedroom.jpg,Houses Dataset\35_frontal.jpg,Houses Dataset\35_kitchen.jpg
3,4.5,3893,85255,1294000,36,Houses Dataset\36_bathroom.jpg,Houses Dataset\36_bedroom.jpg,Houses Dataset\36_frontal.jpg,Houses Dataset\36_kitchen.jpg
5,5.5,3932,85262,1089000,37,Houses Dataset\37_bathroom.jpg,Houses Dataset\37_bedroom.jpg,Houses Dataset\37_frontal.jpg,Houses Dataset\37_kitchen.jpg
3,3.5,2792,85255,799900,38,Houses Dataset\38_bathroom.jpg,Houses Dataset\38_bedroom.jpg,Houses Dataset\38_frontal.jpg,Houses Dataset\38_kitchen.jpg
3,4.5,4228,85255,1229000,39,Houses Dataset\39_bathroom.jpg,Houses Dataset\39_bedroom.jpg,Houses Dataset\39_frontal.jpg,Houses Dataset\39_kitchen.jpg
3,3,2146,93446,455000,40,Houses Dataset\40_bathroom.jpg,Houses Dataset\40_bedroom.jpg,Houses Dataset\40_frontal.jpg,Houses Dataset\40_kitchen.jpg
4,1,9583,98021,395000,41,Houses Dataset\41_bathroom.jpg,Houses Dataset\41_bedroom.jpg,Houses Dataset\41_frontal.jpg,Houses Dataset\41_kitchen.jpg
5,2,7627,98021,638940,42,Houses Dataset\42_bathroom.jpg,Houses Dataset\42_bedroom.jpg,Houses Dataset\42_frontal.jpg,Houses Dataset\42_kitchen.jpg
3,2,2153,98021,435000,43,Houses Dataset\43_bathroom.jpg,Houses Dataset\43_bedroom.jpg,Houses Dataset\43_frontal.jpg,Houses Dataset\43_kitchen.jpg
3,2.5,2014,98021,528800,44,Houses Dataset\44_bathroom.jpg,Houses Dataset\44_bedroom.jpg,Houses Dataset\44_frontal.jpg,Houses Dataset\44_kitchen.jpg
4,2,1928,81524,350000,45,Houses Dataset\45_bathroom.jpg,Houses Dataset\45_bedroom.jpg,Houses Dataset\45_frontal.jpg,Houses Dataset\45_kitchen.jpg
3,3,2134,81524,425000,46,Houses Dataset\46_bathroom.jpg,Houses Dataset\46_bedroom.jpg,Houses Dataset\46_frontal.jpg,Houses Dataset\46_kitchen.jpg
4,3,2504,81524,500000,47,Houses Dataset\47_bathroom.jpg,Houses Dataset\47_bedroom.jpg,Houses Dataset\47_frontal.jpg,Houses Dataset\47_kitchen.jpg
3,3,2462,81524,589900,48,Houses Dataset\48_bathroom.jpg,Houses Dataset\48_bedroom.jpg,Houses Dataset\48_frontal.jpg,Houses Dataset\48_kitchen.jpg
4,3,3904,81418,419000,49,Houses Dataset\49_bathroom.jpg,Houses Dataset\49_bedroom.jpg,Houses Dataset\49_frontal.jpg,Houses Dataset\49_kitchen.jpg
3,2,2034,81418,415000,50,Houses Dataset\50_bathroom.jpg,Houses Dataset\50_bedroom.jpg,Houses Dataset\50_frontal.jpg,Houses Dataset\50_kitchen.jpg
3,2,1594,81521,214900,51,Houses Dataset\51_bathroom.jpg,Houses Dataset\51_bedroom.jpg,Houses Dataset\51_frontal.jpg,Houses Dataset\51_kitchen.jpg
4,2,2957,81524,699900,52,Houses Dataset\52_bathroom.jpg,Houses Dataset\52_bedroom.jpg,Houses Dataset\52_frontal.jpg,Houses Dataset\52_kitchen.jpg
3,3,1894,81524,449000,53,Houses Dataset\53_bathroom.jpg,Houses Dataset\53_bedroom.jpg,Houses Dataset\53_frontal.jpg,Houses Dataset\53_kitchen.jpg
4,2,2128,81524,249900,54,Houses Dataset\54_bathroom.jpg,Houses Dataset\54_bedroom.jpg,Houses Dataset\54_frontal.jpg,Houses Dataset\54_kitchen.jpg
5,3,3267,81524,595999,55,Houses Dataset\55_bathroom.jpg,Houses Dataset\55_bedroom.jpg,Houses Dataset\55_frontal.jpg,Houses Dataset\55_kitchen.jpg
3,3,2836,81524,535000,56,Houses Dataset\56_bathroom.jpg,Houses Dataset\56_bedroom.jpg,Houses Dataset\56_frontal.jpg,Houses Dataset\56_kitchen.jpg
4,3,2174,81524,439900,57,Houses Dataset\57_bathroom.jpg,Houses Dataset\57_bedroom.jpg,Houses Dataset\57_frontal.jpg,Houses Dataset\57_kitchen.jpg
3,2,1508,81524,450000,58,Houses Dataset\58_bathroom.jpg,Houses Dataset\58_bedroom.jpg,Houses Dataset\58_frontal.jpg,Houses Dataset\58_kitchen.jpg
3,2,2288,62214,196000,59,Houses Dataset\59_bathroom.jpg,Houses Dataset\59_bedroom.jpg,Houses Dataset\59_frontal.jpg,Houses Dataset\59_kitchen.jpg
3,2,1709,62234,104900,60,Houses Dataset\60_bathroom.jpg,Houses Dataset\60_bedroom.jpg,Houses Dataset\60_frontal.jpg,Houses Dataset\60_kitchen.jpg
3,2.5,1776,62034,209900,61,Houses Dataset\61_bathroom.jpg,Houses Dataset\61_bedroom.jpg,Houses Dataset\61_frontal.jpg,Houses Dataset\61_kitchen.jpg
5,3.5,4560,62025,520000,62,Houses Dataset\62_bathroom.jpg,Houses Dataset\62_bedroom.jpg,Houses Dataset\62_frontal.jpg,Houses Dataset\62_kitchen.jpg
4,3,2686,62025,249900,63,Houses Dataset\63_bathroom.jpg,Houses Dataset\63_bedroom.jpg,Houses Dataset\63_frontal.jpg,Houses Dataset\63_kitchen.jpg
3,2,1201,62088,119000,64,Houses Dataset\64_bathroom.jpg,Houses Dataset\64_bedroom.jpg,Houses Dataset\64_frontal.jpg,Houses Dataset\64_kitchen.jpg
4,2.5,2850,62234,218000,65,Houses Dataset\65_bathroom.jpg,Houses Dataset\65_bedroom.jpg,Houses Dataset\65_frontal.jpg,Houses Dataset\65_kitchen.jpg
4,3.5,3768,62234,254900,66,Houses Dataset\66_bathroom.jpg,Houses Dataset\66_bedroom.jpg,Houses Dataset\66_frontal.jpg,Houses Dataset\66_kitchen.jpg
3,2.5,2750,62234,219500,67,Houses Dataset\67_bathroom.jpg,Houses Dataset\67_bedroom.jpg,Houses Dataset\67_frontal.jpg,Houses Dataset\67_kitchen.jpg
4,3,2851,62234,186500,68,Houses Dataset\68_bathroom.jpg,Houses Dataset\68_bedroom.jpg,Houses Dataset\68_frontal.jpg,Houses Dataset\68_kitchen.jpg
4,1.5,1254,62234,94500,69,Houses Dataset\69_bathroom.jpg,Houses Dataset\69_bedroom.jpg,Houses Dataset\69_frontal.jpg,Houses Dataset\69_kitchen.jpg
4,4.5,3740,62249,339900,70,Houses Dataset\70_bathroom.jpg,Houses Dataset\70_bedroom.jpg,Houses Dataset\70_frontal.jpg,Houses Dataset\70_kitchen.jpg
3,2.5,3233,62234,259000,71,Houses Dataset\71_bathroom.jpg,Houses Dataset\71_bedroom.jpg,Houses Dataset\71_frontal.jpg,Houses Dataset\71_kitchen.jpg
3,2,2288,62214,196000,72,Houses Dataset\72_bathroom.jpg,Houses Dataset\72_bedroom.jpg,Houses Dataset\72_frontal.jpg,Houses Dataset\72_kitchen.jpg
4,3,2256,62214,144900,73,Houses Dataset\73_bathroom.jpg,Houses Dataset\73_bedroom.jpg,Houses Dataset\73_frontal.jpg,Houses Dataset\73_kitchen.jpg
3,2,2154,60002,349900,74,Houses Dataset\74_bathroom.jpg,Houses Dataset\74_bedroom.jpg,Houses Dataset\74_frontal.jpg,Houses Dataset\74_kitchen.jpg
4,3.5,2116,60002,229000,75,Houses Dataset\75_bathroom.jpg,Houses Dataset\75_bedroom.jpg,Houses Dataset\75_frontal.jpg,Houses Dataset\75_kitchen.jpg
3,2,1600,62214,184900,76,Houses Dataset\76_bathroom.jpg,Houses Dataset\76_bedroom.jpg,Houses Dataset\76_frontal.jpg,Houses Dataset\76_kitchen.jpg
3,2.5,2172,60002,225000,77,Houses Dataset\77_bathroom.jpg,Houses Dataset\77_bedroom.jpg,Houses Dataset\77_frontal.jpg,Houses Dataset\77_kitchen.jpg
4,2.5,3316,60046,289900,78,Houses Dataset\78_bathroom.jpg,Houses Dataset\78_bedroom.jpg,Houses Dataset\78_frontal.jpg,Houses Dataset\78_kitchen.jpg
4,2,7841,60016,299000,79,Houses Dataset\79_bathroom.jpg,Houses Dataset\79_bedroom.jpg,Houses Dataset\79_frontal.jpg,Houses Dataset\79_kitchen.jpg
3,2,1200,60016,224900,80,Houses Dataset\80_bathroom.jpg,Houses Dataset\80_bedroom.jpg,Houses Dataset\80_frontal.jpg,Houses Dataset\80_kitchen.jpg
4,2.5,2464,91901,599000,81,Houses Dataset\81_bathroom.jpg,Houses Dataset\81_bedroom.jpg,Houses Dataset\81_frontal.jpg,Houses Dataset\81_kitchen.jpg
2,2,1845,91901,529800,82,Houses Dataset\82_bathroom.jpg,Houses Dataset\82_bedroom.jpg,Houses Dataset\82_frontal.jpg,Houses Dataset\82_kitchen.jpg
2,1,1184,91901,397500,83,Houses Dataset\83_bathroom.jpg,Houses Dataset\83_bedroom.jpg,Houses Dataset\83_frontal.jpg,Houses Dataset\83_kitchen.jpg
4,2.5,3060,91901,699999,84,Houses Dataset\84_bathroom.jpg,Houses Dataset\84_bedroom.jpg,Houses Dataset\84_frontal.jpg,Houses Dataset\84_kitchen.jpg
3,2.5,2733,91901,689000,85,Houses Dataset\85_bathroom.jpg,Houses Dataset\85_bedroom.jpg,Houses Dataset\85_frontal.jpg,Houses Dataset\85_kitchen.jpg
3,2,1706,91901,529000,86,Houses Dataset\86_bathroom.jpg,Houses Dataset\86_bedroom.jpg,Houses Dataset\86_frontal.jpg,Houses Dataset\86_kitchen.jpg
5,4.5,4886,91901,1430000,87,Houses Dataset\87_bathroom.jpg,Houses Dataset\87_bedroom.jpg,Houses Dataset\87_frontal.jpg,Houses Dataset\87_kitchen.jpg
4,3.5,3029,91901,825000,88,Houses Dataset\88_bathroom.jpg,Houses Dataset\88_bedroom.jpg,Houses Dataset\88_frontal.jpg,Houses Dataset\88_kitchen.jpg
4,2.5,2620,91901,619000,89,Houses Dataset\89_bathroom.jpg,Houses Dataset\89_bedroom.jpg,Houses Dataset\89_frontal.jpg,Houses Dataset\89_kitchen.jpg
7,4,2929,91901,625000,90,Houses Dataset\90_bathroom.jpg,Houses Dataset\90_bedroom.jpg,Houses Dataset\90_frontal.jpg,Houses Dataset\90_kitchen.jpg
4,3.5,3328,91901,1095000,91,Houses Dataset\91_bathroom.jpg,Houses Dataset\91_bedroom.jpg,Houses Dataset\91_frontal.jpg,Houses Dataset\91_kitchen.jpg
3,2,2250,91901,625000,92,Houses Dataset\92_bathroom.jpg,Houses Dataset\92_bedroom.jpg,Houses Dataset\92_frontal.jpg,Houses Dataset\92_kitchen.jpg
3,2.5,2836,91901,979000,93,Houses Dataset\93_bathroom.jpg,Houses Dataset\93_bedroom.jpg,Houses Dataset\93_frontal.jpg,Houses Dataset\93_kitchen.jpg
2,2.5,1499,91901,539000,94,Houses Dataset\94_bathroom.jpg,Houses Dataset\94_bedroom.jpg,Houses Dataset\94_frontal.jpg,Houses Dataset\94_kitchen.jpg
3,2,960,91901,65000,95,Houses Dataset\95_bathroom.jpg,Houses Dataset\95_bedroom.jpg,Houses Dataset\95_frontal.jpg,Houses Dataset\95_kitchen.jpg
3,2,2671,91901,521500,96,Houses Dataset\96_bathroom.jpg,Houses Dataset\96_bedroom.jpg,Houses Dataset\96_frontal.jpg,Houses Dataset\96_kitchen.jpg
5,3,3747,91901,925000,97,Houses Dataset\97_bathroom.jpg,Houses Dataset\97_bedroom.jpg,Houses Dataset\97_frontal.jpg,Houses Dataset\97_kitchen.jpg
3,2.5,1675,91901,470000,98,Houses Dataset\98_bathroom.jpg,Houses Dataset\98_bedroom.jpg,Houses Dataset\98_frontal.jpg,Houses Dataset\98_kitchen.jpg
4,2.5,3115,93446,629000,99,Houses Dataset\99_bathroom.jpg,Houses Dataset\99_bedroom.jpg,Houses Dataset\99_frontal.jpg,Houses Dataset\99_kitchen.jpg
4,3.5,3426,91901,679000,100,Houses Dataset\100_bathroom.jpg,Houses Dataset\100_bedroom.jpg,Houses Dataset\100_frontal.jpg,Houses Dataset\100_kitchen.jpg
3,2,1288,91901,549000,101,Houses Dataset\101_bathroom.jpg,Houses Dataset\101_bedroom.jpg,Houses Dataset\101_frontal.jpg,Houses Dataset\101_kitchen.jpg
4,4,4042,91901,769000,102,Houses Dataset\102_bathroom.jpg,Houses Dataset\102_bedroom.jpg,Houses Dataset\102_frontal.jpg,Houses Dataset\102_kitchen.jpg
2,2,1005,91901,245900,103,Houses Dataset\103_bathroom.jpg,Houses Dataset\103_bedroom.jpg,Houses Dataset\103_frontal.jpg,Houses Dataset\103_kitchen.jpg
4,2.5,2726,91901,644900,104,Houses Dataset\104_bathroom.jpg,Houses Dataset\104_bedroom.jpg,Houses Dataset\104_frontal.jpg,Houses Dataset\104_kitchen.jpg
3,3,1937,91901,895000,105,Houses Dataset\105_bathroom.jpg,Houses Dataset\105_bedroom.jpg,Houses Dataset\105_frontal.jpg,Houses Dataset\105_kitchen.jpg
3,2.5,2445,91901,699000,106,Houses Dataset\106_bathroom.jpg,Houses Dataset\106_bedroom.jpg,Houses Dataset\106_frontal.jpg,Houses Dataset\106_kitchen.jpg
3,2,1826,93446,529000,107,Houses Dataset\107_bathroom.jpg,Houses Dataset\107_bedroom.jpg,Houses Dataset\107_frontal.jpg,Houses Dataset\107_kitchen.jpg
4,3.5,1084,91901,875000,108,Houses Dataset\108_bathroom.jpg,Houses Dataset\108_bedroom.jpg,Houses Dataset\108_frontal.jpg,Houses Dataset\108_kitchen.jpg
4,3,3706,91901,848000,109,Houses Dataset\109_bathroom.jpg,Houses Dataset\109_bedroom.jpg,Houses Dataset\109_frontal.jpg,Houses Dataset\109_kitchen.jpg
5,4.5,4874,91901,1499000,110,Houses Dataset\110_bathroom.jpg,Houses Dataset\110_bedroom.jpg,Houses Dataset\110_frontal.jpg,Houses Dataset\110_kitchen.jpg
4,3,3277,91901,669000,111,Houses Dataset\111_bathroom.jpg,Houses Dataset\111_bedroom.jpg,Houses Dataset\111_frontal.jpg,Houses Dataset\111_kitchen.jpg
3,3.5,4289,91901,1195000,112,Houses Dataset\112_bathroom.jpg,Houses Dataset\112_bedroom.jpg,Houses Dataset\112_frontal.jpg,Houses Dataset\112_kitchen.jpg
5,3.5,3778,91901,949000,113,Houses Dataset\113_bathroom.jpg,Houses Dataset\113_bedroom.jpg,Houses Dataset\113_frontal.jpg,Houses Dataset\113_kitchen.jpg
4,3,1613,91901,749900,114,Houses Dataset\114_bathroom.jpg,Houses Dataset\114_bedroom.jpg,Houses Dataset\114_frontal.jpg,Houses Dataset\114_kitchen.jpg
3,2,1382,92021,429900,115,Houses Dataset\115_bathroom.jpg,Houses Dataset\115_bedroom.jpg,Houses Dataset\115_frontal.jpg,Houses Dataset\115_kitchen.jpg
3,2.5,3300,92021,935000,116,Houses Dataset\116_bathroom.jpg,Houses Dataset\116_bedroom.jpg,Houses Dataset\116_frontal.jpg,Houses Dataset\116_kitchen.jpg
4,2,1771,92021,475000,117,Houses Dataset\117_bathroom.jpg,Houses Dataset\117_bedroom.jpg,Houses Dataset\117_frontal.jpg,Houses Dataset\117_kitchen.jpg
3,2.5,1915,92021,485000,118,Houses Dataset\118_bathroom.jpg,Houses Dataset\118_bedroom.jpg,Houses Dataset\118_frontal.jpg,Houses Dataset\118_kitchen.jpg
3,2.5,1680,92021,389000,119,Houses Dataset\119_bathroom.jpg,Houses Dataset\119_bedroom.jpg,Houses Dataset\119_frontal.jpg,Houses Dataset\119_kitchen.jpg
4,2,1696,92021,379000,120,Houses Dataset\120_bathroom.jpg,Houses Dataset\120_bedroom.jpg,Houses Dataset\120_frontal.jpg,Houses Dataset\120_kitchen.jpg
4,2,2150,92021,578000,121,Houses Dataset\121_bathroom.jpg,Houses Dataset\121_bedroom.jpg,Houses Dataset\121_frontal.jpg,Houses Dataset\121_kitchen.jpg
3,2,1611,92021,575000,122,Houses Dataset\122_bathroom.jpg,Houses Dataset\122_bedroom.jpg,Houses Dataset\122_frontal.jpg,Houses Dataset\122_kitchen.jpg
5,3,4200,92021,799000,123,Houses Dataset\123_bathroom.jpg,Houses Dataset\123_bedroom.jpg,Houses Dataset\123_frontal.jpg,Houses Dataset\123_kitchen.jpg
4,2.5,2319,92021,699800,124,Houses Dataset\124_bathroom.jpg,Houses Dataset\124_bedroom.jpg,Houses Dataset\124_frontal.jpg,Houses Dataset\124_kitchen.jpg
4,4.5,3885,92021,825500,125,Houses Dataset\125_bathroom.jpg,Houses Dataset\125_bedroom.jpg,Houses Dataset\125_frontal.jpg,Houses Dataset\125_kitchen.jpg
6,6.5,7000,92677,3850000,126,Houses Dataset\126_bathroom.jpg,Houses Dataset\126_bedroom.jpg,Houses Dataset\126_frontal.jpg,Houses Dataset\126_kitchen.jpg
4,2.5,6000,92677,869000,127,Houses Dataset\127_bathroom.jpg,Houses Dataset\127_bedroom.jpg,Houses Dataset\127_frontal.jpg,Houses Dataset\127_kitchen.jpg
2,2.5,915,92677,347000,128,Houses Dataset\128_bathroom.jpg,Houses Dataset\128_bedroom.jpg,Houses Dataset\128_frontal.jpg,Houses Dataset\128_kitchen.jpg
4,3,2965,92677,1349000,129,Houses Dataset\129_bathroom.jpg,Houses Dataset\129_bedroom.jpg,Houses Dataset\129_frontal.jpg,Houses Dataset\129_kitchen.jpg
3,3,1825,92677,685000,130,Houses Dataset\130_bathroom.jpg,Houses Dataset\130_bedroom.jpg,Houses Dataset\130_frontal.jpg,Houses Dataset\130_kitchen.jpg
4,3.5,3100,92677,1499999,131,Houses Dataset\131_bathroom.jpg,Houses Dataset\131_bedroom.jpg,Houses Dataset\131_frontal.jpg,Houses Dataset\131_kitchen.jpg
3,2,1235,92677,469900,132,Houses Dataset\132_bathroom.jpg,Houses Dataset\132_bedroom.jpg,Houses Dataset\132_frontal.jpg,Houses Dataset\132_kitchen.jpg
3,2.5,2248,92677,1199000,133,Houses Dataset\133_bathroom.jpg,Houses Dataset\133_bedroom.jpg,Houses Dataset\133_frontal.jpg,Houses Dataset\133_kitchen.jpg
7,7,3265,92677,1200000,134,Houses Dataset\134_bathroom.jpg,Houses Dataset\134_bedroom.jpg,Houses Dataset\134_frontal.jpg,Houses Dataset\134_kitchen.jpg
2,1,839,92677,324999,135,Houses Dataset\135_bathroom.jpg,Houses Dataset\135_bedroom.jpg,Houses Dataset\135_frontal.jpg,Houses Dataset\135_kitchen.jpg
4,3.5,2441,92677,895500,136,Houses Dataset\136_bathroom.jpg,Houses Dataset\136_bedroom.jpg,Houses Dataset\136_frontal.jpg,Houses Dataset\136_kitchen.jpg
3,3.5,2800,92677,1399999,137,Houses Dataset\137_bathroom.jpg,Houses Dataset\137_bedroom.jpg,Houses Dataset\137_frontal.jpg,Houses Dataset\137_kitchen.jpg
1,1,800,92677,335000,138,Houses Dataset\138_bathroom.jpg,Houses Dataset\138_bedroom.jpg,Houses Dataset\138_frontal.jpg,Houses Dataset\138_kitchen.jpg
2,2,1171,92677,389900,139,Houses Dataset\139_bathroom.jpg,Houses Dataset\139_bedroom.jpg,Houses Dataset\139_frontal.jpg,Houses Dataset\139_kitchen.jpg
2,2,1935,92677,738000,140,Houses Dataset\140_bathroom.jpg,Houses Dataset\140_bedroom.jpg,Houses Dataset\140_frontal.jpg,Houses Dataset\140_kitchen.jpg
3,2.5,1819,92677,798800,141,Houses Dataset\141_bathroom.jpg,Houses Dataset\141_bedroom.jpg,Houses Dataset\141_frontal.jpg,Houses Dataset\141_kitchen.jpg
3,2.5,1950,92677,895000,142,Houses Dataset\142_bathroom.jpg,Houses Dataset\142_bedroom.jpg,Houses Dataset\142_frontal.jpg,Houses Dataset\142_kitchen.jpg
3,2,1303,92677,619000,143,Houses Dataset\143_bathroom.jpg,Houses Dataset\143_bedroom.jpg,Houses Dataset\143_frontal.jpg,Houses Dataset\143_kitchen.jpg
4,3,2614,92677,1045000,144,Houses Dataset\144_bathroom.jpg,Houses Dataset\144_bedroom.jpg,Houses Dataset\144_frontal.jpg,Houses Dataset\144_kitchen.jpg
3,2.5,2141,92677,750000,145,Houses Dataset\145_bathroom.jpg,Houses Dataset\145_bedroom.jpg,Houses Dataset\145_frontal.jpg,Houses Dataset\145_kitchen.jpg
3,2.5,1655,92677,649900,146,Houses Dataset\146_bathroom.jpg,Houses Dataset\146_bedroom.jpg,Houses Dataset\146_frontal.jpg,Houses Dataset\146_kitchen.jpg
3,2.5,2225,92677,949000,147,Houses Dataset\147_bathroom.jpg,Houses Dataset\147_bedroom.jpg,Houses Dataset\147_frontal.jpg,Houses Dataset\147_kitchen.jpg
3,2.5,2125,92677,728000,148,Houses Dataset\148_bathroom.jpg,Houses Dataset\148_bedroom.jpg,Houses Dataset\148_frontal.jpg,Houses Dataset\148_kitchen.jpg
5,3.5,4245,92677,1895000,149,Houses Dataset\149_bathroom.jpg,Houses Dataset\149_bedroom.jpg,Houses Dataset\149_frontal.jpg,Houses Dataset\149_kitchen.jpg
4,4.5,4038,92677,1795000,150,Houses Dataset\150_bathroom.jpg,Houses Dataset\150_bedroom.jpg,Houses Dataset\150_frontal.jpg,Houses Dataset\150_kitchen.jpg
5,4,3489,92677,1650000,151,Houses Dataset\151_bathroom.jpg,Houses Dataset\151_bedroom.jpg,Houses Dataset\151_frontal.jpg,Houses Dataset\151_kitchen.jpg
3,2.5,1808,96019,219800,152,Houses Dataset\152_bathroom.jpg,Houses Dataset\152_bedroom.jpg,Houses Dataset\152_frontal.jpg,Houses Dataset\152_kitchen.jpg
2,2,1056,96019,22000,153,Houses Dataset\153_bathroom.jpg,Houses Dataset\153_bedroom.jpg,Houses Dataset\153_frontal.jpg,Houses Dataset\153_kitchen.jpg
4,2,1881,96019,245000,154,Houses Dataset\154_bathroom.jpg,Houses Dataset\154_bedroom.jpg,Houses Dataset\154_frontal.jpg,Houses Dataset\154_kitchen.jpg
3,1,1132,96019,170000,155,Houses Dataset\155_bathroom.jpg,Houses Dataset\155_bedroom.jpg,Houses Dataset\155_frontal.jpg,Houses Dataset\155_kitchen.jpg
3,2,1372,96019,178000,156,Houses Dataset\156_bathroom.jpg,Houses Dataset\156_bedroom.jpg,Houses Dataset\156_frontal.jpg,Houses Dataset\156_kitchen.jpg
3,2,1560,96019,1795000,157,Houses Dataset\157_bathroom.jpg,Houses Dataset\157_bedroom.jpg,Houses Dataset\157_frontal.jpg,Houses Dataset\157_kitchen.jpg
3,2,1306,96019,239900,158,Houses Dataset\158_bathroom.jpg,Houses Dataset\158_bedroom.jpg,Houses Dataset\158_frontal.jpg,Houses Dataset\158_kitchen.jpg
3,2,1736,96019,239900,159,Houses Dataset\159_bathroom.jpg,Houses Dataset\159_bedroom.jpg,Houses Dataset\159_frontal.jpg,Houses Dataset\159_kitchen.jpg
4,3.5,2900,96019,449900,160,Houses Dataset\160_bathroom.jpg,Houses Dataset\160_bedroom.jpg,Houses Dataset\160_frontal.jpg,Houses Dataset\160_kitchen.jpg
4,2,1768,96019,279900,161,Houses Dataset\161_bathroom.jpg,Houses Dataset\161_bedroom.jpg,Houses Dataset\161_frontal.jpg,Houses Dataset\161_kitchen.jpg
3,2,1008,96019,164000,162,Houses Dataset\162_bathroom.jpg,Houses Dataset\162_bedroom.jpg,Houses Dataset\162_frontal.jpg,Houses Dataset\162_kitchen.jpg
3,2,1696,96019,319500,163,Houses Dataset\163_bathroom.jpg,Houses Dataset\163_bedroom.jpg,Houses Dataset\163_frontal.jpg,Houses Dataset\163_kitchen.jpg
4,2.5,1580,95220,475000,164,Houses Dataset\164_bathroom.jpg,Houses Dataset\164_bedroom.jpg,Houses Dataset\164_frontal.jpg,Houses Dataset\164_kitchen.jpg
4,3,2462,95220,915000,165,Houses Dataset\165_bathroom.jpg,Houses Dataset\165_bedroom.jpg,Houses Dataset\165_frontal.jpg,Houses Dataset\165_kitchen.jpg
4,3,3548,95220,824999,166,Houses Dataset\166_bathroom.jpg,Houses Dataset\166_bedroom.jpg,Houses Dataset\166_frontal.jpg,Houses Dataset\166_kitchen.jpg
4,2.5,2508,95220,699700,167,Houses Dataset\167_bathroom.jpg,Houses Dataset\167_bedroom.jpg,Houses Dataset\167_frontal.jpg,Houses Dataset\167_kitchen.jpg
4,3,1909,95220,649000,168,Houses Dataset\168_bathroom.jpg,Houses Dataset\168_bedroom.jpg,Houses Dataset\168_frontal.jpg,Houses Dataset\168_kitchen.jpg
3,2.5,3467,95220,1449000,169,Houses Dataset\169_bathroom.jpg,Houses Dataset\169_bedroom.jpg,Houses Dataset\169_frontal.jpg,Houses Dataset\169_kitchen.jpg
3,3.5,3172,95220,899900,170,Houses Dataset\170_bathroom.jpg,Houses Dataset\170_bedroom.jpg,Houses Dataset\170_frontal.jpg,Houses Dataset\170_kitchen.jpg
4,3.5,4838,95220,1999999,171,Houses Dataset\171_bathroom.jpg,Houses Dataset\171_bedroom.jpg,Houses Dataset\171_frontal.jpg,Houses Dataset\171_kitchen.jpg
4,3,2840,95220,799900,172,Houses Dataset\172_bathroom.jpg,Houses Dataset\172_bedroom.jpg,Houses Dataset\172_frontal.jpg,Houses Dataset\172_kitchen.jpg
4,3.5,5050,95220,1600000,173,Houses Dataset\173_bathroom.jpg,Houses Dataset\173_bedroom.jpg,Houses Dataset\173_frontal.jpg,Houses Dataset\173_kitchen.jpg
3,2,1299,94501,739000,174,Houses Dataset\174_bathroom.jpg,Houses Dataset\174_bedroom.jpg,Houses Dataset\174_frontal.jpg,Houses Dataset\174_kitchen.jpg
2,1,1065,94501,629000,175,Houses Dataset\175_bathroom.jpg,Houses Dataset\175_bedroom.jpg,Houses Dataset\175_frontal.jpg,Houses Dataset\175_kitchen.jpg
1,1,701,94501,339000,176,Houses Dataset\176_bathroom.jpg,Houses Dataset\176_bedroom.jpg,Houses Dataset\176_frontal.jpg,Houses Dataset\176_kitchen.jpg
2,2,1313,94501,750000,177,Houses Dataset\177_bathroom.jpg,Houses Dataset\177_bedroom.jpg,Houses Dataset\177_frontal.jpg,Houses Dataset\177_kitchen.jpg
3,2,2078,94501,888000,178,Houses Dataset\178_bathroom.jpg,Houses Dataset\178_bedroom.jpg,Houses Dataset\178_frontal.jpg,Houses Dataset\178_kitchen.jpg
3,1.5,1524,94501,749000,179,Houses Dataset\179_bathroom.jpg,Houses Dataset\179_bedroom.jpg,Houses Dataset\179_frontal.jpg,Houses Dataset\179_kitchen.jpg
3,2,1789,94501,895000,180,Houses Dataset\180_bathroom.jpg,Houses Dataset\180_bedroom.jpg,Houses Dataset\180_frontal.jpg,Houses Dataset\180_kitchen.jpg
2,1.5,1120,94501,435000,181,Houses Dataset\181_bathroom.jpg,Houses Dataset\181_bedroom.jpg,Houses Dataset\181_frontal.jpg,Houses Dataset\181_kitchen.jpg
3,2.5,2185,94501,490000,182,Houses Dataset\182_bathroom.jpg,Houses Dataset\182_bedroom.jpg,Houses Dataset\182_frontal.jpg,Houses Dataset\182_kitchen.jpg
3,1.5,1253,94501,599000,183,Houses Dataset\183_bathroom.jpg,Houses Dataset\183_bedroom.jpg,Houses Dataset\183_frontal.jpg,Houses Dataset\183_kitchen.jpg
2,1,766,94501,598000,184,Houses Dataset\184_bathroom.jpg,Houses Dataset\184_bedroom.jpg,Houses Dataset\184_frontal.jpg,Houses Dataset\184_kitchen.jpg
5,3.5,2879,94501,1327685,185,Houses Dataset\185_bathroom.jpg,Houses Dataset\185_bedroom.jpg,Houses Dataset\185_frontal.jpg,Houses Dataset\185_kitchen.jpg
6,4,3492,94501,1495000,186,Houses Dataset\186_bathroom.jpg,Houses Dataset\186_bedroom.jpg,Houses Dataset\186_frontal.jpg,Houses Dataset\186_kitchen.jpg
4,3.5,3485,94501,1895000,187,Houses Dataset\187_bathroom.jpg,Houses Dataset\187_bedroom.jpg,Houses Dataset\187_frontal.jpg,Houses Dataset\187_kitchen.jpg
4,2,1634,94501,899000,188,Houses Dataset\188_bathroom.jpg,Houses Dataset\188_bedroom.jpg,Houses Dataset\188_frontal.jpg,Houses Dataset\188_kitchen.jpg
4,2.5,2020,94501,825000,189,Houses Dataset\189_bathroom.jpg,Houses Dataset\189_bedroom.jpg,Houses Dataset\189_frontal.jpg,Houses Dataset\189_kitchen.jpg
3,1.5,1364,94501,729000,190,Houses Dataset\190_bathroom.jpg,Houses Dataset\190_bedroom.jpg,Houses Dataset\190_frontal.jpg,Houses Dataset\190_kitchen.jpg
4,2.5,2300,94501,1188000,191,Houses Dataset\191_bathroom.jpg,Houses Dataset\191_bedroom.jpg,Houses Dataset\191_frontal.jpg,Houses Dataset\191_kitchen.jpg
2,2,951,94501,538800,192,Houses Dataset\192_bathroom.jpg,Houses Dataset\192_bedroom.jpg,Houses Dataset\192_frontal.jpg,Houses Dataset\192_kitchen.jpg
3,2,1490,94501,949000,193,Houses Dataset\193_bathroom.jpg,Houses Dataset\193_bedroom.jpg,Houses Dataset\193_frontal.jpg,Houses Dataset\193_kitchen.jpg
2,1,834,94501,549000,194,Houses Dataset\194_bathroom.jpg,Houses Dataset\194_bedroom.jpg,Houses Dataset\194_frontal.jpg,Houses Dataset\194_kitchen.jpg
2,1,805,94501,625000,195,Houses Dataset\195_bathroom.jpg,Houses Dataset\195_bedroom.jpg,Houses Dataset\195_frontal.jpg,Houses Dataset\195_kitchen.jpg
1,1,766,94501,349000,196,Houses Dataset\196_bathroom.jpg,Houses Dataset\196_bedroom.jpg,Houses Dataset\196_frontal.jpg,Houses Dataset\196_kitchen.jpg
2,2,994,94501,479000,197,Houses Dataset\197_bathroom.jpg,Houses Dataset\197_bedroom.jpg,Houses Dataset\197_frontal.jpg,Houses Dataset\197_kitchen.jpg
3,2.5,1665,94501,875000,198,Houses Dataset\198_bathroom.jpg,Houses Dataset\198_bedroom.jpg,Houses Dataset\198_frontal.jpg,Houses Dataset\198_kitchen.jpg
3,1.5,1581,94501,895000,199,Houses Dataset\199_bathroom.jpg,Houses Dataset\199_bedroom.jpg,Houses Dataset\199_frontal.jpg,Houses Dataset\199_kitchen.jpg
3,2.5,1652,94501,649000,200,Houses Dataset\200_bathroom.jpg,Houses Dataset\200_bedroom.jpg,Houses Dataset\200_frontal.jpg,Houses Dataset\200_kitchen.jpg
2,1.5,1056,94501,739000,201,Houses Dataset\201_bathroom.jpg,Houses Dataset\201_bedroom.jpg,Houses Dataset\201_frontal.jpg,Houses Dataset\201_kitchen.jpg
2,2.5,1772,93446,499000,202,Houses Dataset\202_bathroom.jpg,Houses Dataset\202_bedroom.jpg,Houses Dataset\202_frontal.jpg,Houses Dataset\202_kitchen.jpg
3,3,2361,94501,988000,203,Houses Dataset\203_bathroom.jpg,Houses Dataset\203_bedroom.jpg,Houses Dataset\203_frontal.jpg,Houses Dataset\203_kitchen.jpg
3,3.5,2724,94501,1150000,204,Houses Dataset\204_bathroom.jpg,Houses Dataset\204_bedroom.jpg,Houses Dataset\204_frontal.jpg,Houses Dataset\204_kitchen.jpg
2,1,1110,94501,649000,205,Houses Dataset\205_bathroom.jpg,Houses Dataset\205_bedroom.jpg,Houses Dataset\205_frontal.jpg,Houses Dataset\205_kitchen.jpg
2,1,1016,94501,679000,206,Houses Dataset\206_bathroom.jpg,Houses Dataset\206_bedroom.jpg,Houses Dataset\206_frontal.jpg,Houses Dataset\206_kitchen.jpg
3,2,1413,94501,619000,207,Houses Dataset\207_bathroom.jpg,Houses Dataset\207_bedroom.jpg,Houses Dataset\207_frontal.jpg,Houses Dataset\207_kitchen.jpg
5,4,3743,94501,1295000,208,Houses Dataset\208_bathroom.jpg,Houses Dataset\208_bedroom.jpg,Houses Dataset\208_frontal.jpg,Houses Dataset\208_kitchen.jpg
3,2,2504,94501,895000,209,Houses Dataset\209_bathroom.jpg,Houses Dataset\209_bedroom.jpg,Houses Dataset\209_frontal.jpg,Houses Dataset\209_kitchen.jpg
3,3,1864,94501,995888,210,Houses Dataset\210_bathroom.jpg,Houses Dataset\210_bedroom.jpg,Houses Dataset\210_frontal.jpg,Houses Dataset\210_kitchen.jpg
5,3,3122,94501,899000,211,Houses Dataset\211_bathroom.jpg,Houses Dataset\211_bedroom.jpg,Houses Dataset\211_frontal.jpg,Houses Dataset\211_kitchen.jpg
3,2.5,1678,94501,668000,212,Houses Dataset\212_bathroom.jpg,Houses Dataset\212_bedroom.jpg,Houses Dataset\212_frontal.jpg,Houses Dataset\212_kitchen.jpg
2,1,1134,94501,599000,213,Houses Dataset\213_bathroom.jpg,Houses Dataset\213_bedroom.jpg,Houses Dataset\213_frontal.jpg,Houses Dataset\213_kitchen.jpg
3,1.5,1581,94501,895000,214,Houses Dataset\214_bathroom.jpg,Houses Dataset\214_bedroom.jpg,Houses Dataset\214_frontal.jpg,Houses Dataset\214_kitchen.jpg
4,2.5,1602,94501,949000,215,Houses Dataset\215_bathroom.jpg,Houses Dataset\215_bedroom.jpg,Houses Dataset\215_frontal.jpg,Houses Dataset\215_kitchen.jpg
4,3.5,3651,93111,1749000,216,Houses Dataset\216_bathroom.jpg,Houses Dataset\216_bedroom.jpg,Houses Dataset\216_frontal.jpg,Houses Dataset\216_kitchen.jpg
5,4.5,5000,93111,4000000,217,Houses Dataset\217_bathroom.jpg,Houses Dataset\217_bedroom.jpg,Houses Dataset\217_frontal.jpg,Houses Dataset\217_kitchen.jpg
3,2,1368,93111,599999,218,Houses Dataset\218_bathroom.jpg,Houses Dataset\218_bedroom.jpg,Houses Dataset\218_frontal.jpg,Houses Dataset\218_kitchen.jpg
4,2,1426,93111,949000,219,Houses Dataset\219_bathroom.jpg,Houses Dataset\219_bedroom.jpg,Houses Dataset\219_frontal.jpg,Houses Dataset\219_kitchen.jpg
3,2,1447,93111,1080000,220,Houses Dataset\220_bathroom.jpg,Houses Dataset\220_bedroom.jpg,Houses Dataset\220_frontal.jpg,Houses Dataset\220_kitchen.jpg
4,2,2304,93111,1495000,221,Houses Dataset\221_bathroom.jpg,Houses Dataset\221_bedroom.jpg,Houses Dataset\221_frontal.jpg,Houses Dataset\221_kitchen.jpg
2,2,1716,93105,895000,222,Houses Dataset\222_bathroom.jpg,Houses Dataset\222_bedroom.jpg,Houses Dataset\222_frontal.jpg,Houses Dataset\222_kitchen.jpg
3,2,1796,93111,897000,223,Houses Dataset\223_bathroom.jpg,Houses Dataset\223_bedroom.jpg,Houses Dataset\223_frontal.jpg,Houses Dataset\223_kitchen.jpg
4,4.5,2844,93111,1595000,224,Houses Dataset\224_bathroom.jpg,Houses Dataset\224_bedroom.jpg,Houses Dataset\224_frontal.jpg,Houses Dataset\224_kitchen.jpg
3,3.5,1876,93111,1149000,225,Houses Dataset\225_bathroom.jpg,Houses Dataset\225_bedroom.jpg,Houses Dataset\225_frontal.jpg,Houses Dataset\225_kitchen.jpg
3,2,1475,93111,769000,226,Houses Dataset\226_bathroom.jpg,Houses Dataset\226_bedroom.jpg,Houses Dataset\226_frontal.jpg,Houses Dataset\226_kitchen.jpg
3,3.5,3136,93111,2150000,227,Houses Dataset\227_bathroom.jpg,Houses Dataset\227_bedroom.jpg,Houses Dataset\227_frontal.jpg,Houses Dataset\227_kitchen.jpg
5,3,3188,92880,567500,228,Houses Dataset\228_bathroom.jpg,Houses Dataset\228_bedroom.jpg,Houses Dataset\228_frontal.jpg,Houses Dataset\228_kitchen.jpg
5,5,3701,92880,579000,229,Houses Dataset\229_bathroom.jpg,Houses Dataset\229_bedroom.jpg,Houses Dataset\229_frontal.jpg,Houses Dataset\229_kitchen.jpg
5,5,4749,92880,749000,230,Houses Dataset\230_bathroom.jpg,Houses Dataset\230_bedroom.jpg,Houses Dataset\230_frontal.jpg,Houses Dataset\230_kitchen.jpg
5,4,4014,92880,699000,231,Houses Dataset\231_bathroom.jpg,Houses Dataset\231_bedroom.jpg,Houses Dataset\231_frontal.jpg,Houses Dataset\231_kitchen.jpg
6,4,4311,92880,695000,232,Houses Dataset\232_bathroom.jpg,Houses Dataset\232_bedroom.jpg,Houses Dataset\232_frontal.jpg,Houses Dataset\232_kitchen.jpg
5,4,2809,92880,635900,233,Houses Dataset\233_bathroom.jpg,Houses Dataset\233_bedroom.jpg,Houses Dataset\233_frontal.jpg,Houses Dataset\233_kitchen.jpg
6,4,3635,92880,585000,234,Houses Dataset\234_bathroom.jpg,Houses Dataset\234_bedroom.jpg,Houses Dataset\234_frontal.jpg,Houses Dataset\234_kitchen.jpg
8,6,3849,92880,580000,235,Houses Dataset\235_bathroom.jpg,Houses Dataset\235_bedroom.jpg,Houses Dataset\235_frontal.jpg,Houses Dataset\235_kitchen.jpg
4,4,3773,91752,579000,236,Houses Dataset\236_bathroom.jpg,Houses Dataset\236_bedroom.jpg,Houses Dataset\236_frontal.jpg,Houses Dataset\236_kitchen.jpg
4,3,3214,92880,547900,237,Houses Dataset\237_bathroom.jpg,Houses Dataset\237_bedroom.jpg,Houses Dataset\237_frontal.jpg,Houses Dataset\237_kitchen.jpg
5,3,3677,92880,570000,238,Houses Dataset\238_bathroom.jpg,Houses Dataset\238_bedroom.jpg,Houses Dataset\238_frontal.jpg,Houses Dataset\238_kitchen.jpg
5,3,3200,92880,568000,239,Houses Dataset\239_bathroom.jpg,Houses Dataset\239_bedroom.jpg,Houses Dataset\239_frontal.jpg,Houses Dataset\239_kitchen.jpg
5,4,3270,92880,560000,240,Houses Dataset\240_bathroom.jpg,Houses Dataset\240_bedroom.jpg,Houses Dataset\240_frontal.jpg,Houses Dataset\240_kitchen.jpg
5,5,4074,92880,550000,241,Houses Dataset\241_bathroom.jpg,Houses Dataset\241_bedroom.jpg,Houses Dataset\241_frontal.jpg,Houses Dataset\241_kitchen.jpg
4,3,2951,92880,549999,242,Houses Dataset\242_bathroom.jpg,Houses Dataset\242_bedroom.jpg,Houses Dataset\242_frontal.jpg,Houses Dataset\242_kitchen.jpg
5,4,3500,92880,545000,243,Houses Dataset\243_bathroom.jpg,Houses Dataset\243_bedroom.jpg,Houses Dataset\243_frontal.jpg,Houses Dataset\243_kitchen.jpg
5,3,2622,92880,539900,244,Houses Dataset\244_bathroom.jpg,Houses Dataset\244_bedroom.jpg,Houses Dataset\244_frontal.jpg,Houses Dataset\244_kitchen.jpg
5,3,3034,92880,539800,245,Houses Dataset\245_bathroom.jpg,Houses Dataset\245_bedroom.jpg,Houses Dataset\245_frontal.jpg,Houses Dataset\245_kitchen.jpg
6,4,3375,92880,538000,246,Houses Dataset\246_bathroom.jpg,Houses Dataset\246_bedroom.jpg,Houses Dataset\246_frontal.jpg,Houses Dataset\246_kitchen.jpg
5,3,3340,92880,534977,247,Houses Dataset\247_bathroom.jpg,Houses Dataset\247_bedroom.jpg,Houses Dataset\247_frontal.jpg,Houses Dataset\247_kitchen.jpg
5,3,3075,92880,534888,248,Houses Dataset\248_bathroom.jpg,Houses Dataset\248_bedroom.jpg,Houses Dataset\248_frontal.jpg,Houses Dataset\248_kitchen.jpg
5,3,3013,92880,530000,249,Houses Dataset\249_bathroom.jpg,Houses Dataset\249_bedroom.jpg,Houses Dataset\249_frontal.jpg,Houses Dataset\249_kitchen.jpg
4,3,3000,92880,529900,250,Houses Dataset\250_bathroom.jpg,Houses Dataset\250_bedroom.jpg,Houses Dataset\250_frontal.jpg,Houses Dataset\250_kitchen.jpg
4,3,3141,92880,529999,251,Houses Dataset\251_bathroom.jpg,Houses Dataset\251_bedroom.jpg,Houses Dataset\251_frontal.jpg,Houses Dataset\251_kitchen.jpg
4,3,2650,92880,529900,252,Houses Dataset\252_bathroom.jpg,Houses Dataset\252_bedroom.jpg,Houses Dataset\252_frontal.jpg,Houses Dataset\252_kitchen.jpg
5,3,3054,92543,284900,253,Houses Dataset\253_bathroom.jpg,Houses Dataset\253_bedroom.jpg,Houses Dataset\253_frontal.jpg,Houses Dataset\253_kitchen.jpg
2,3,1627,92253,550000,254,Houses Dataset\254_bathroom.jpg,Houses Dataset\254_bedroom.jpg,Houses Dataset\254_frontal.jpg,Houses Dataset\254_kitchen.jpg
1,1,840,94568,303590,255,Houses Dataset\255_bathroom.jpg,Houses Dataset\255_bedroom.jpg,Houses Dataset\255_frontal.jpg,Houses Dataset\255_kitchen.jpg
3,2.5,2295,90211,1500000,256,Houses Dataset\256_bathroom.jpg,Houses Dataset\256_bedroom.jpg,Houses Dataset\256_frontal.jpg,Houses Dataset\256_kitchen.jpg
8,6,5900,92040,1350000,257,Houses Dataset\257_bathroom.jpg,Houses Dataset\257_bedroom.jpg,Houses Dataset\257_frontal.jpg,Houses Dataset\257_kitchen.jpg
4,2,1512,93720,89900,258,Houses Dataset\258_bathroom.jpg,Houses Dataset\258_bedroom.jpg,Houses Dataset\258_frontal.jpg,Houses Dataset\258_kitchen.jpg
5,3.5,3149,92880,515000,259,Houses Dataset\259_bathroom.jpg,Houses Dataset\259_bedroom.jpg,Houses Dataset\259_frontal.jpg,Houses Dataset\259_kitchen.jpg
3,3,2100,92692,700200,260,Houses Dataset\260_bathroom.jpg,Houses Dataset\260_bedroom.jpg,Houses Dataset\260_frontal.jpg,Houses Dataset\260_kitchen.jpg
4,3,2530,93924,1150000,261,Houses Dataset\261_bathroom.jpg,Houses Dataset\261_bedroom.jpg,Houses Dataset\261_frontal.jpg,Houses Dataset\261_kitchen.jpg
4,3,2287,90265,1695000,262,Houses Dataset\262_bathroom.jpg,Houses Dataset\262_bedroom.jpg,Houses Dataset\262_frontal.jpg,Houses Dataset\262_kitchen.jpg
2,2,1503,92692,664900,263,Houses Dataset\263_bathroom.jpg,Houses Dataset\263_bedroom.jpg,Houses Dataset\263_frontal.jpg,Houses Dataset\263_kitchen.jpg
3,2,1209,92253,250000,264,Houses Dataset\264_bathroom.jpg,Houses Dataset\264_bedroom.jpg,Houses Dataset\264_frontal.jpg,Houses Dataset\264_kitchen.jpg
4,2,2250,93314,310000,265,Houses Dataset\265_bathroom.jpg,Houses Dataset\265_bedroom.jpg,Houses Dataset\265_frontal.jpg,Houses Dataset\265_kitchen.jpg
6,4,4311,92880,695000,266,Houses Dataset\266_bathroom.jpg,Houses Dataset\266_bedroom.jpg,Houses Dataset\266_frontal.jpg,Houses Dataset\266_kitchen.jpg
4,4,2460,90038,1550000,267,Houses Dataset\267_bathroom.jpg,Houses Dataset\267_bedroom.jpg,Houses Dataset\267_frontal.jpg,Houses Dataset\267_kitchen.jpg
5,3,3514,92880,649990,268,Houses Dataset\268_bathroom.jpg,Houses Dataset\268_bedroom.jpg,Houses Dataset\268_frontal.jpg,Houses Dataset\268_kitchen.jpg
4,3,2257,90803,1299000,269,Houses Dataset\269_bathroom.jpg,Houses Dataset\269_bedroom.jpg,Houses Dataset\269_frontal.jpg,Houses Dataset\269_kitchen.jpg
4,3,2870,92880,489000,270,Houses Dataset\270_bathroom.jpg,Houses Dataset\270_bedroom.jpg,Houses Dataset\270_frontal.jpg,Houses Dataset\270_kitchen.jpg
3,1.5,1400,95008,999000,271,Houses Dataset\271_bathroom.jpg,Houses Dataset\271_bedroom.jpg,Houses Dataset\271_frontal.jpg,Houses Dataset\271_kitchen.jpg
5,3,2533,94565,540000,272,Houses Dataset\272_bathroom.jpg,Houses Dataset\272_bedroom.jpg,Houses Dataset\272_frontal.jpg,Houses Dataset\272_kitchen.jpg
4,3,3010,92880,490000,273,Houses Dataset\273_bathroom.jpg,Houses Dataset\273_bedroom.jpg,Houses Dataset\273_frontal.jpg,Houses Dataset\273_kitchen.jpg
3,2.5,1321,91915,360000,274,Houses Dataset\274_bathroom.jpg,Houses Dataset\274_bedroom.jpg,Houses Dataset\274_frontal.jpg,Houses Dataset\274_kitchen.jpg
3,3,1905,92880,448000,275,Houses Dataset\275_bathroom.jpg,Houses Dataset\275_bedroom.jpg,Houses Dataset\275_frontal.jpg,Houses Dataset\275_kitchen.jpg
6,4,4311,92880,669472,276,Houses Dataset\276_bathroom.jpg,Houses Dataset\276_bedroom.jpg,Houses Dataset\276_frontal.jpg,Houses Dataset\276_kitchen.jpg
4,3,2825,91752,549900,277,Houses Dataset\277_bathroom.jpg,Houses Dataset\277_bedroom.jpg,Houses Dataset\277_frontal.jpg,Houses Dataset\277_kitchen.jpg
4,3,2579,92880,520000,278,Houses Dataset\278_bathroom.jpg,Houses Dataset\278_bedroom.jpg,Houses Dataset\278_frontal.jpg,Houses Dataset\278_kitchen.jpg
4,4,2893,92880,520000,279,Houses Dataset\279_bathroom.jpg,Houses Dataset\279_bedroom.jpg,Houses Dataset\279_frontal.jpg,Houses Dataset\279_kitchen.jpg
4,3,3099,92880,519900,280,Houses Dataset\280_bathroom.jpg,Houses Dataset\280_bedroom.jpg,Houses Dataset\280_frontal.jpg,Houses Dataset\280_kitchen.jpg
4,5,3307,92880,519900,281,Houses Dataset\281_bathroom.jpg,Houses Dataset\281_bedroom.jpg,Houses Dataset\281_frontal.jpg,Houses Dataset\281_kitchen.jpg
3,3,2367,92880,529000,282,Houses Dataset\282_bathroom.jpg,Houses Dataset\282_bedroom.jpg,Houses Dataset\282_frontal.jpg,Houses Dataset\282_kitchen.jpg
5,4,3972,91752,525000,283,Houses Dataset\283_bathroom.jpg,Houses Dataset\283_bedroom.jpg,Houses Dataset\283_frontal.jpg,Houses Dataset\283_kitchen.jpg
4,3,3010,92880,525000,284,Houses Dataset\284_bathroom.jpg,Houses Dataset\284_bedroom.jpg,Houses Dataset\284_frontal.jpg,Houses Dataset\284_kitchen.jpg
5,5,3816,92880,589900,285,Houses Dataset\285_bathroom.jpg,Houses Dataset\285_bedroom.jpg,Houses Dataset\285_frontal.jpg,Houses Dataset\285_kitchen.jpg
2,2,1152,92276,96900,286,Houses Dataset\286_bathroom.jpg,Houses Dataset\286_bedroom.jpg,Houses Dataset\286_frontal.jpg,Houses Dataset\286_kitchen.jpg
2,1.5,1800,92276,163000,287,Houses Dataset\287_bathroom.jpg,Houses Dataset\287_bedroom.jpg,Houses Dataset\287_frontal.jpg,Houses Dataset\287_kitchen.jpg
2,2,2036,92276,175000,288,Houses Dataset\288_bathroom.jpg,Houses Dataset\288_bedroom.jpg,Houses Dataset\288_frontal.jpg,Houses Dataset\288_kitchen.jpg
2,2,1344,92276,98000,289,Houses Dataset\289_bathroom.jpg,Houses Dataset\289_bedroom.jpg,Houses Dataset\289_frontal.jpg,Houses Dataset\289_kitchen.jpg
2,1,1100,92276,36000,290,Houses Dataset\290_bathroom.jpg,Houses Dataset\290_bedroom.jpg,Houses Dataset\290_frontal.jpg,Houses Dataset\290_kitchen.jpg
2,2,1248,92276,115000,291,Houses Dataset\291_bathroom.jpg,Houses Dataset\291_bedroom.jpg,Houses Dataset\291_frontal.jpg,Houses Dataset\291_kitchen.jpg
2,2,1380,92276,125000,292,Houses Dataset\292_bathroom.jpg,Houses Dataset\292_bedroom.jpg,Houses Dataset\292_frontal.jpg,Houses Dataset\292_kitchen.jpg
2,2,960,92276,100000,293,Houses Dataset\293_bathroom.jpg,Houses Dataset\293_bedroom.jpg,Houses Dataset\293_frontal.jpg,Houses Dataset\293_kitchen.jpg
3,2,1368,92276,193000,294,Houses Dataset\294_bathroom.jpg,Houses Dataset\294_bedroom.jpg,Houses Dataset\294_frontal.jpg,Houses Dataset\294_kitchen.jpg
3,2,2788,92276,385000,295,Houses Dataset\295_bathroom.jpg,Houses Dataset\295_bedroom.jpg,Houses Dataset\295_frontal.jpg,Houses Dataset\295_kitchen.jpg
5,3.25,3149,92880,515000,296,Houses Dataset\296_bathroom.jpg,Houses Dataset\296_bedroom.jpg,Houses Dataset\296_frontal.jpg,Houses Dataset\296_kitchen.jpg
4,5,3834,92880,530000,297,Houses Dataset\297_bathroom.jpg,Houses Dataset\297_bedroom.jpg,Houses Dataset\297_frontal.jpg,Houses Dataset\297_kitchen.jpg
5,3,3767,92880,567000,298,Houses Dataset\298_bathroom.jpg,Houses Dataset\298_bedroom.jpg,Houses Dataset\298_frontal.jpg,Houses Dataset\298_kitchen.jpg
5,3.5,3149,92880,500000,299,Houses Dataset\299_bathroom.jpg,Houses Dataset\299_bedroom.jpg,Houses Dataset\299_frontal.jpg,Houses Dataset\299_kitchen.jpg
5,4,3565,92880,537000,300,Houses Dataset\300_bathroom.jpg,Houses Dataset\300_bedroom.jpg,Houses Dataset\300_frontal.jpg,Houses Dataset\300_kitchen.jpg
6,3.5,3615,92880,647000,301,Houses Dataset\301_bathroom.jpg,Houses Dataset\301_bedroom.jpg,Houses Dataset\301_frontal.jpg,Houses Dataset\301_kitchen.jpg
5,5,4014,92880,542000,302,Houses Dataset\302_bathroom.jpg,Houses Dataset\302_bedroom.jpg,Houses Dataset\302_frontal.jpg,Houses Dataset\302_kitchen.jpg
5,5,3834,92880,565000,303,Houses Dataset\303_bathroom.jpg,Houses Dataset\303_bedroom.jpg,Houses Dataset\303_frontal.jpg,Houses Dataset\303_kitchen.jpg
4,3,3572,92880,535000,304,Houses Dataset\304_bathroom.jpg,Houses Dataset\304_bedroom.jpg,Houses Dataset\304_frontal.jpg,Houses Dataset\304_kitchen.jpg
4,3,2870,92880,489000,305,Houses Dataset\305_bathroom.jpg,Houses Dataset\305_bedroom.jpg,Houses Dataset\305_frontal.jpg,Houses Dataset\305_kitchen.jpg
4,3,2570,92880,510000,306,Houses Dataset\306_bathroom.jpg,Houses Dataset\306_bedroom.jpg,Houses Dataset\306_frontal.jpg,Houses Dataset\306_kitchen.jpg
4,2.5,2285,93510,560000,307,Houses Dataset\307_bathroom.jpg,Houses Dataset\307_bedroom.jpg,Houses Dataset\307_frontal.jpg,Houses Dataset\307_kitchen.jpg
3,2,2691,93510,675000,308,Houses Dataset\308_bathroom.jpg,Houses Dataset\308_bedroom.jpg,Houses Dataset\308_frontal.jpg,Houses Dataset\308_kitchen.jpg
3,2.5,2490,93510,450000,309,Houses Dataset\309_bathroom.jpg,Houses Dataset\309_bedroom.jpg,Houses Dataset\309_frontal.jpg,Houses Dataset\309_kitchen.jpg
3,2,2160,93510,409900,310,Houses Dataset\310_bathroom.jpg,Houses Dataset\310_bedroom.jpg,Houses Dataset\310_frontal.jpg,Houses Dataset\310_kitchen.jpg
3,2.5,2326,93510,553000,311,Houses Dataset\311_bathroom.jpg,Houses Dataset\311_bedroom.jpg,Houses Dataset\311_frontal.jpg,Houses Dataset\311_kitchen.jpg
3,2.5,2260,93510,470000,312,Houses Dataset\312_bathroom.jpg,Houses Dataset\312_bedroom.jpg,Houses Dataset\312_frontal.jpg,Houses Dataset\312_kitchen.jpg
3,1,1337,93510,335000,313,Houses Dataset\313_bathroom.jpg,Houses Dataset\313_bedroom.jpg,Houses Dataset\313_frontal.jpg,Houses Dataset\313_kitchen.jpg
2,1,884,93510,400000,314,Houses Dataset\314_bathroom.jpg,Houses Dataset\314_bedroom.jpg,Houses Dataset\314_frontal.jpg,Houses Dataset\314_kitchen.jpg
4,3,2987,93510,615000,315,Houses Dataset\315_bathroom.jpg,Houses Dataset\315_bedroom.jpg,Houses Dataset\315_frontal.jpg,Houses Dataset\315_kitchen.jpg
3,2,1476,93510,485000,316,Houses Dataset\316_bathroom.jpg,Houses Dataset\316_bedroom.jpg,Houses Dataset\316_frontal.jpg,Houses Dataset\316_kitchen.jpg
5,3,2983,93510,479000,317,Houses Dataset\317_bathroom.jpg,Houses Dataset\317_bedroom.jpg,Houses Dataset\317_frontal.jpg,Houses Dataset\317_kitchen.jpg
5,4,3198,93510,695000,318,Houses Dataset\318_bathroom.jpg,Houses Dataset\318_bedroom.jpg,Houses Dataset\318_frontal.jpg,Houses Dataset\318_kitchen.jpg
3,2,1236,93510,221000,319,Houses Dataset\319_bathroom.jpg,Houses Dataset\319_bedroom.jpg,Houses Dataset\319_frontal.jpg,Houses Dataset\319_kitchen.jpg
4,2,1797,93510,450000,320,Houses Dataset\320_bathroom.jpg,Houses Dataset\320_bedroom.jpg,Houses Dataset\320_frontal.jpg,Houses Dataset\320_kitchen.jpg
3,2,1404,93510,195000,321,Houses Dataset\321_bathroom.jpg,Houses Dataset\321_bedroom.jpg,Houses Dataset\321_frontal.jpg,Houses Dataset\321_kitchen.jpg
3,2,1248,93510,240000,322,Houses Dataset\322_bathroom.jpg,Houses Dataset\322_bedroom.jpg,Houses Dataset\322_frontal.jpg,Houses Dataset\322_kitchen.jpg
5,3,3167,93510,599900,323,Houses Dataset\323_bathroom.jpg,Houses Dataset\323_bedroom.jpg,Houses Dataset\323_frontal.jpg,Houses Dataset\323_kitchen.jpg
6,4,3705,93510,765000,324,Houses Dataset\324_bathroom.jpg,Houses Dataset\324_bedroom.jpg,Houses Dataset\324_frontal.jpg,Houses Dataset\324_kitchen.jpg
4,2.5,2362,93510,539900,325,Houses Dataset\325_bathroom.jpg,Houses Dataset\325_bedroom.jpg,Houses Dataset\325_frontal.jpg,Houses Dataset\325_kitchen.jpg
4,2,2252,93510,585000,326,Houses Dataset\326_bathroom.jpg,Houses Dataset\326_bedroom.jpg,Houses Dataset\326_frontal.jpg,Houses Dataset\326_kitchen.jpg
3,2,2752,93510,570000,327,Houses Dataset\327_bathroom.jpg,Houses Dataset\327_bedroom.jpg,Houses Dataset\327_frontal.jpg,Houses Dataset\327_kitchen.jpg
4,2,2160,93510,384000,328,Houses Dataset\328_bathroom.jpg,Houses Dataset\328_bedroom.jpg,Houses Dataset\328_frontal.jpg,Houses Dataset\328_kitchen.jpg
3,4,3312,93510,759000,329,Houses Dataset\329_bathroom.jpg,Houses Dataset\329_bedroom.jpg,Houses Dataset\329_frontal.jpg,Houses Dataset\329_kitchen.jpg
3,2,2315,93510,499000,330,Houses Dataset\330_bathroom.jpg,Houses Dataset\330_bedroom.jpg,Houses Dataset\330_frontal.jpg,Houses Dataset\330_kitchen.jpg
2,2,1344,92276,154900,331,Houses Dataset\331_bathroom.jpg,Houses Dataset\331_bedroom.jpg,Houses Dataset\331_frontal.jpg,Houses Dataset\331_kitchen.jpg
2,2,1820,92276,225000,332,Houses Dataset\332_bathroom.jpg,Houses Dataset\332_bedroom.jpg,Houses Dataset\332_frontal.jpg,Houses Dataset\332_kitchen.jpg
2,2,1152,92276,138500,333,Houses Dataset\333_bathroom.jpg,Houses Dataset\333_bedroom.jpg,Houses Dataset\333_frontal.jpg,Houses Dataset\333_kitchen.jpg
2,2,1440,92276,97500,334,Houses Dataset\334_bathroom.jpg,Houses Dataset\334_bedroom.jpg,Houses Dataset\334_frontal.jpg,Houses Dataset\334_kitchen.jpg
2,2,2015,92276,219000,335,Houses Dataset\335_bathroom.jpg,Houses Dataset\335_bedroom.jpg,Houses Dataset\335_frontal.jpg,Houses Dataset\335_kitchen.jpg
2,2,1248,92276,103500,336,Houses Dataset\336_bathroom.jpg,Houses Dataset\336_bedroom.jpg,Houses Dataset\336_frontal.jpg,Houses Dataset\336_kitchen.jpg
2,2,1598,92276,136900,337,Houses Dataset\337_bathroom.jpg,Houses Dataset\337_bedroom.jpg,Houses Dataset\337_frontal.jpg,Houses Dataset\337_kitchen.jpg
2,2,1176,92276,135000,338,Houses Dataset\338_bathroom.jpg,Houses Dataset\338_bedroom.jpg,Houses Dataset\338_frontal.jpg,Houses Dataset\338_kitchen.jpg
2,2.5,960,92276,135000,339,Houses Dataset\339_bathroom.jpg,Houses Dataset\339_bedroom.jpg,Houses Dataset\339_frontal.jpg,Houses Dataset\339_kitchen.jpg
3,2,1482,92276,158888,340,Houses Dataset\340_bathroom.jpg,Houses Dataset\340_bedroom.jpg,Houses Dataset\340_frontal.jpg,Houses Dataset\340_kitchen.jpg
2,2,1152,92276,74900,341,Houses Dataset\341_bathroom.jpg,Houses Dataset\341_bedroom.jpg,Houses Dataset\341_frontal.jpg,Houses Dataset\341_kitchen.jpg
2,2,1344,92276,69900,342,Houses Dataset\342_bathroom.jpg,Houses Dataset\342_bedroom.jpg,Houses Dataset\342_frontal.jpg,Houses Dataset\342_kitchen.jpg
3,2,1248,92276,139500,343,Houses Dataset\343_bathroom.jpg,Houses Dataset\343_bedroom.jpg,Houses Dataset\343_frontal.jpg,Houses Dataset\343_kitchen.jpg
3,2,1478,92276,219900,344,Houses Dataset\344_bathroom.jpg,Houses Dataset\344_bedroom.jpg,Houses Dataset\344_frontal.jpg,Houses Dataset\344_kitchen.jpg
2,2,1152,92276,99900,345,Houses Dataset\345_bathroom.jpg,Houses Dataset\345_bedroom.jpg,Houses Dataset\345_frontal.jpg,Houses Dataset\345_kitchen.jpg
2,2,1040,92276,59900,346,Houses Dataset\346_bathroom.jpg,Houses Dataset\346_bedroom.jpg,Houses Dataset\346_frontal.jpg,Houses Dataset\346_kitchen.jpg
2,2,1000,92276,118900,347,Houses Dataset\347_bathroom.jpg,Houses Dataset\347_bedroom.jpg,Houses Dataset\347_frontal.jpg,Houses Dataset\347_kitchen.jpg
2,2,1440,92276,106000,348,Houses Dataset\348_bathroom.jpg,Houses Dataset\348_bedroom.jpg,Houses Dataset\348_frontal.jpg,Houses Dataset\348_kitchen.jpg
2,2,1344,92276,67500,349,Houses Dataset\349_bathroom.jpg,Houses Dataset\349_bedroom.jpg,Houses Dataset\349_frontal.jpg,Houses Dataset\349_kitchen.jpg
2,2,1640,92276,104950,350,Houses Dataset\350_bathroom.jpg,Houses Dataset\350_bedroom.jpg,Houses Dataset\350_frontal.jpg,Houses Dataset\350_kitchen.jpg
2,2,1578,92276,97000,351,Houses Dataset\351_bathroom.jpg,Houses Dataset\351_bedroom.jpg,Houses Dataset\351_frontal.jpg,Houses Dataset\351_kitchen.jpg
2,2,1512,92276,98900,352,Houses Dataset\352_bathroom.jpg,Houses Dataset\352_bedroom.jpg,Houses Dataset\352_frontal.jpg,Houses Dataset\352_kitchen.jpg
2,2,1152,92276,99900,353,Houses Dataset\353_bathroom.jpg,Houses Dataset\353_bedroom.jpg,Houses Dataset\353_frontal.jpg,Houses Dataset\353_kitchen.jpg
2,1.5,1056,92276,79900,354,Houses Dataset\354_bathroom.jpg,Houses Dataset\354_bedroom.jpg,Houses Dataset\354_frontal.jpg,Houses Dataset\354_kitchen.jpg
2,2,1930,92276,164900,355,Houses Dataset\355_bathroom.jpg,Houses Dataset\355_bedroom.jpg,Houses Dataset\355_frontal.jpg,Houses Dataset\355_kitchen.jpg
2,2,1240,92276,117000,356,Houses Dataset\356_bathroom.jpg,Houses Dataset\356_bedroom.jpg,Houses Dataset\356_frontal.jpg,Houses Dataset\356_kitchen.jpg
4,2,1866,92276,256000,357,Houses Dataset\357_bathroom.jpg,Houses Dataset\357_bedroom.jpg,Houses Dataset\357_frontal.jpg,Houses Dataset\357_kitchen.jpg
2,2,960,92276,61000,358,Houses Dataset\358_bathroom.jpg,Houses Dataset\358_bedroom.jpg,Houses Dataset\358_frontal.jpg,Houses Dataset\358_kitchen.jpg
2,2,1388,92276,167400,359,Houses Dataset\359_bathroom.jpg,Houses Dataset\359_bedroom.jpg,Houses Dataset\359_frontal.jpg,Houses Dataset\359_kitchen.jpg
2,2,1152,92276,97500,360,Houses Dataset\360_bathroom.jpg,Houses Dataset\360_bedroom.jpg,Houses Dataset\360_frontal.jpg,Houses Dataset\360_kitchen.jpg
2,1,960,92276,63500,361,Houses Dataset\361_bathroom.jpg,Houses Dataset\361_bedroom.jpg,Houses Dataset\361_frontal.jpg,Houses Dataset\361_kitchen.jpg
3,2,1200,92276,225000,362,Houses Dataset\362_bathroom.jpg,Houses Dataset\362_bedroom.jpg,Houses Dataset\362_frontal.jpg,Houses Dataset\362_kitchen.jpg
2,2,1440,92276,77000,363,Houses Dataset\363_bathroom.jpg,Houses Dataset\363_bedroom.jpg,Houses Dataset\363_frontal.jpg,Houses Dataset\363_kitchen.jpg
2,2,1248,92276,114500,364,Houses Dataset\364_bathroom.jpg,Houses Dataset\364_bedroom.jpg,Houses Dataset\364_frontal.jpg,Houses Dataset\364_kitchen.jpg
2,2,1152,92276,96500,365,Houses Dataset\365_bathroom.jpg,Houses Dataset\365_bedroom.jpg,Houses Dataset\365_frontal.jpg,Houses Dataset\365_kitchen.jpg
2,2,960,92276,79900,366,Houses Dataset\366_bathroom.jpg,Houses Dataset\366_bedroom.jpg,Houses Dataset\366_frontal.jpg,Houses Dataset\366_kitchen.jpg
3,2,1397,92276,248500,367,Houses Dataset\367_bathroom.jpg,Houses Dataset\367_bedroom.jpg,Houses Dataset\367_frontal.jpg,Houses Dataset\367_kitchen.jpg
2,2,1248,92276,117500,368,Houses Dataset\368_bathroom.jpg,Houses Dataset\368_bedroom.jpg,Houses Dataset\368_frontal.jpg,Houses Dataset\368_kitchen.jpg
2,2,1248,92276,79900,369,Houses Dataset\369_bathroom.jpg,Houses Dataset\369_bedroom.jpg,Houses Dataset\369_frontal.jpg,Houses Dataset\369_kitchen.jpg
2,2,1344,92276,84900,370,Houses Dataset\370_bathroom.jpg,Houses Dataset\370_bedroom.jpg,Houses Dataset\370_frontal.jpg,Houses Dataset\370_kitchen.jpg
2,2,1440,92276,84900,371,Houses Dataset\371_bathroom.jpg,Houses Dataset\371_bedroom.jpg,Houses Dataset\371_frontal.jpg,Houses Dataset\371_kitchen.jpg
3,2.5,2644,92276,379500,372,Houses Dataset\372_bathroom.jpg,Houses Dataset\372_bedroom.jpg,Houses Dataset\372_frontal.jpg,Houses Dataset\372_kitchen.jpg
2,2,1020,92276,74900,373,Houses Dataset\373_bathroom.jpg,Houses Dataset\373_bedroom.jpg,Houses Dataset\373_frontal.jpg,Houses Dataset\373_kitchen.jpg
2,2,1600,92276,147000,374,Houses Dataset\374_bathroom.jpg,Houses Dataset\374_bedroom.jpg,Houses Dataset\374_frontal.jpg,Houses Dataset\374_kitchen.jpg
2,2,2024,92276,214900,375,Houses Dataset\375_bathroom.jpg,Houses Dataset\375_bedroom.jpg,Houses Dataset\375_frontal.jpg,Houses Dataset\375_kitchen.jpg
2,1,780,92276,67900,376,Houses Dataset\376_bathroom.jpg,Houses Dataset\376_bedroom.jpg,Houses Dataset\376_frontal.jpg,Houses Dataset\376_kitchen.jpg
3,2,1397,92276,199000,377,Houses Dataset\377_bathroom.jpg,Houses Dataset\377_bedroom.jpg,Houses Dataset\377_frontal.jpg,Houses Dataset\377_kitchen.jpg
2,2,1544,92276,124900,378,Houses Dataset\378_bathroom.jpg,Houses Dataset\378_bedroom.jpg,Houses Dataset\378_frontal.jpg,Houses Dataset\378_kitchen.jpg
2,2,1368,92276,69800,379,Houses Dataset\379_bathroom.jpg,Houses Dataset\379_bedroom.jpg,Houses Dataset\379_frontal.jpg,Houses Dataset\379_kitchen.jpg
2,2,1624,92276,185000,380,Houses Dataset\380_bathroom.jpg,Houses Dataset\380_bedroom.jpg,Houses Dataset\380_frontal.jpg,Houses Dataset\380_kitchen.jpg
1,1.5,1440,92276,87500,381,Houses Dataset\381_bathroom.jpg,Houses Dataset\381_bedroom.jpg,Houses Dataset\381_frontal.jpg,Houses Dataset\381_kitchen.jpg
2,2,1840,92276,160000,382,Houses Dataset\382_bathroom.jpg,Houses Dataset\382_bedroom.jpg,Houses Dataset\382_frontal.jpg,Houses Dataset\382_kitchen.jpg
3,2,1454,92276,122500,383,Houses Dataset\383_bathroom.jpg,Houses Dataset\383_bedroom.jpg,Houses Dataset\383_frontal.jpg,Houses Dataset\383_kitchen.jpg
2,2,1040,92276,67900,384,Houses Dataset\384_bathroom.jpg,Houses Dataset\384_bedroom.jpg,Houses Dataset\384_frontal.jpg,Houses Dataset\384_kitchen.jpg
2,2,1281,92276,139000,385,Houses Dataset\385_bathroom.jpg,Houses Dataset\385_bedroom.jpg,Houses Dataset\385_frontal.jpg,Houses Dataset\385_kitchen.jpg
2,2,1152,92276,84900,386,Houses Dataset\386_bathroom.jpg,Houses Dataset\386_bedroom.jpg,Houses Dataset\386_frontal.jpg,Houses Dataset\386_kitchen.jpg
2,2,1152,92276,99000,387,Houses Dataset\387_bathroom.jpg,Houses Dataset\387_bedroom.jpg,Houses Dataset\387_frontal.jpg,Houses Dataset\387_kitchen.jpg
2,2,1536,92276,69900,388,Houses Dataset\388_bathroom.jpg,Houses Dataset\388_bedroom.jpg,Houses Dataset\388_frontal.jpg,Houses Dataset\388_kitchen.jpg
2,1,960,92276,49900,389,Houses Dataset\389_bathroom.jpg,Houses Dataset\389_bedroom.jpg,Houses Dataset\389_frontal.jpg,Houses Dataset\389_kitchen.jpg
2,2,1440,92276,154500,390,Houses Dataset\390_bathroom.jpg,Houses Dataset\390_bedroom.jpg,Houses Dataset\390_frontal.jpg,Houses Dataset\390_kitchen.jpg
2,2,1344,92276,129900,391,Houses Dataset\391_bathroom.jpg,Houses Dataset\391_bedroom.jpg,Houses Dataset\391_frontal.jpg,Houses Dataset\391_kitchen.jpg
3,2,1507,92276,235000,392,Houses Dataset\392_bathroom.jpg,Houses Dataset\392_bedroom.jpg,Houses Dataset\392_frontal.jpg,Houses Dataset\392_kitchen.jpg
3,2,1766,92276,129000,393,Houses Dataset\393_bathroom.jpg,Houses Dataset\393_bedroom.jpg,Houses Dataset\393_frontal.jpg,Houses Dataset\393_kitchen.jpg
2,2,1440,92276,83900,394,Houses Dataset\394_bathroom.jpg,Houses Dataset\394_bedroom.jpg,Houses Dataset\394_frontal.jpg,Houses Dataset\394_kitchen.jpg
2,2,1940,92276,129500,395,Houses Dataset\395_bathroom.jpg,Houses Dataset\395_bedroom.jpg,Houses Dataset\395_frontal.jpg,Houses Dataset\395_kitchen.jpg
3,2,2971,93446,2395000,396,Houses Dataset\396_bathroom.jpg,Houses Dataset\396_bedroom.jpg,Houses Dataset\396_frontal.jpg,Houses Dataset\396_kitchen.jpg
2,2,1468,92276,125000,397,Houses Dataset\397_bathroom.jpg,Houses Dataset\397_bedroom.jpg,Houses Dataset\397_frontal.jpg,Houses Dataset\397_kitchen.jpg
2,3,1280,92276,69900,398,Houses Dataset\398_bathroom.jpg,Houses Dataset\398_bedroom.jpg,Houses Dataset\398_frontal.jpg,Houses Dataset\398_kitchen.jpg
2,2,960,92276,69500,399,Houses Dataset\399_bathroom.jpg,Houses Dataset\399_bedroom.jpg,Houses Dataset\399_frontal.jpg,Houses Dataset\399_kitchen.jpg
2,2,1640,92276,79500,400,Houses Dataset\400_bathroom.jpg,Houses Dataset\400_bedroom.jpg,Houses Dataset\400_frontal.jpg,Houses Dataset\400_kitchen.jpg
2,2,1056,92276,68500,401,Houses Dataset\401_bathroom.jpg,Houses Dataset\401_bedroom.jpg,Houses Dataset\401_frontal.jpg,Houses Dataset\401_kitchen.jpg
2,2,1344,92276,117500,402,Houses Dataset\402_bathroom.jpg,Houses Dataset\402_bedroom.jpg,Houses Dataset\402_frontal.jpg,Houses Dataset\402_kitchen.jpg
3,2,1806,92276,179000,403,Houses Dataset\403_bathroom.jpg,Houses Dataset\403_bedroom.jpg,Houses Dataset\403_frontal.jpg,Houses Dataset\403_kitchen.jpg
2,2,1344,92276,89500,404,Houses Dataset\404_bathroom.jpg,Houses Dataset\404_bedroom.jpg,Houses Dataset\404_frontal.jpg,Houses Dataset\404_kitchen.jpg
2,2,1120,92276,72000,405,Houses Dataset\405_bathroom.jpg,Houses Dataset\405_bedroom.jpg,Houses Dataset\405_frontal.jpg,Houses Dataset\405_kitchen.jpg
2,2,1344,92276,104900,406,Houses Dataset\406_bathroom.jpg,Houses Dataset\406_bedroom.jpg,Houses Dataset\406_frontal.jpg,Houses Dataset\406_kitchen.jpg
3,2,1376,92276,174900,407,Houses Dataset\407_bathroom.jpg,Houses Dataset\407_bedroom.jpg,Houses Dataset\407_frontal.jpg,Houses Dataset\407_kitchen.jpg
3,2,1440,92276,169900,408,Houses Dataset\408_bathroom.jpg,Houses Dataset\408_bedroom.jpg,Houses Dataset\408_frontal.jpg,Houses Dataset\408_kitchen.jpg
2,2,1486,92276,154000,409,Houses Dataset\409_bathroom.jpg,Houses Dataset\409_bedroom.jpg,Houses Dataset\409_frontal.jpg,Houses Dataset\409_kitchen.jpg
3,2,1560,92276,189000,410,Houses Dataset\410_bathroom.jpg,Houses Dataset\410_bedroom.jpg,Houses Dataset\410_frontal.jpg,Houses Dataset\410_kitchen.jpg
2,2,1440,92276,62500,411,Houses Dataset\411_bathroom.jpg,Houses Dataset\411_bedroom.jpg,Houses Dataset\411_frontal.jpg,Houses Dataset\411_kitchen.jpg
2,2,1722,92276,174500,412,Houses Dataset\412_bathroom.jpg,Houses Dataset\412_bedroom.jpg,Houses Dataset\412_frontal.jpg,Houses Dataset\412_kitchen.jpg
2,2,1344,92276,139000,413,Houses Dataset\413_bathroom.jpg,Houses Dataset\413_bedroom.jpg,Houses Dataset\413_frontal.jpg,Houses Dataset\413_kitchen.jpg
2,2,1248,92276,50000,414,Houses Dataset\414_bathroom.jpg,Houses Dataset\414_bedroom.jpg,Houses Dataset\414_frontal.jpg,Houses Dataset\414_kitchen.jpg
2,2,1440,92276,94900,415,Houses Dataset\415_bathroom.jpg,Houses Dataset\415_bedroom.jpg,Houses Dataset\415_frontal.jpg,Houses Dataset\415_kitchen.jpg
2,2,1020,92276,42900,416,Houses Dataset\416_bathroom.jpg,Houses Dataset\416_bedroom.jpg,Houses Dataset\416_frontal.jpg,Houses Dataset\416_kitchen.jpg
2,1,1000,92276,67000,417,Houses Dataset\417_bathroom.jpg,Houses Dataset\417_bedroom.jpg,Houses Dataset\417_frontal.jpg,Houses Dataset\417_kitchen.jpg
2,2,1440,92276,99900,418,Houses Dataset\418_bathroom.jpg,Houses Dataset\418_bedroom.jpg,Houses Dataset\418_frontal.jpg,Houses Dataset\418_kitchen.jpg
2,2,1680,92276,69500,419,Houses Dataset\419_bathroom.jpg,Houses Dataset\419_bedroom.jpg,Houses Dataset\419_frontal.jpg,Houses Dataset\419_kitchen.jpg
2,2,1440,92276,99000,420,Houses Dataset\420_bathroom.jpg,Houses Dataset\420_bedroom.jpg,Houses Dataset\420_frontal.jpg,Houses Dataset\420_kitchen.jpg
2,2,1440,92276,110000,421,Houses Dataset\421_bathroom.jpg,Houses Dataset\421_bedroom.jpg,Houses Dataset\421_frontal.jpg,Houses Dataset\421_kitchen.jpg
4,3,2454,93510,5858000,422,Houses Dataset\422_bathroom.jpg,Houses Dataset\422_bedroom.jpg,Houses Dataset\422_frontal.jpg,Houses Dataset\422_kitchen.jpg
3,2,2346,93510,557000,423,Houses Dataset\423_bathroom.jpg,Houses Dataset\423_bedroom.jpg,Houses Dataset\423_frontal.jpg,Houses Dataset\423_kitchen.jpg
4,4,3254,93510,674900,424,Houses Dataset\424_bathroom.jpg,Houses Dataset\424_bedroom.jpg,Houses Dataset\424_frontal.jpg,Houses Dataset\424_kitchen.jpg
3,2,1448,93510,349000,425,Houses Dataset\425_bathroom.jpg,Houses Dataset\425_bedroom.jpg,Houses Dataset\425_frontal.jpg,Houses Dataset\425_kitchen.jpg
3,2,1734,93510,265000,426,Houses Dataset\426_bathroom.jpg,Houses Dataset\426_bedroom.jpg,Houses Dataset\426_frontal.jpg,Houses Dataset\426_kitchen.jpg
4,3.5,3381,93510,725000,427,Houses Dataset\427_bathroom.jpg,Houses Dataset\427_bedroom.jpg,Houses Dataset\427_frontal.jpg,Houses Dataset\427_kitchen.jpg
4,2,2272,93510,559000,428,Houses Dataset\428_bathroom.jpg,Houses Dataset\428_bedroom.jpg,Houses Dataset\428_frontal.jpg,Houses Dataset\428_kitchen.jpg
3,2,3326,93510,549000,429,Houses Dataset\429_bathroom.jpg,Houses Dataset\429_bedroom.jpg,Houses Dataset\429_frontal.jpg,Houses Dataset\429_kitchen.jpg
3,2,1508,93510,449000,430,Houses Dataset\430_bathroom.jpg,Houses Dataset\430_bedroom.jpg,Houses Dataset\430_frontal.jpg,Houses Dataset\430_kitchen.jpg
4,3,3631,93510,699900,431,Houses Dataset\431_bathroom.jpg,Houses Dataset\431_bedroom.jpg,Houses Dataset\431_frontal.jpg,Houses Dataset\431_kitchen.jpg
3,2.5,2824,93510,569000,432,Houses Dataset\432_bathroom.jpg,Houses Dataset\432_bedroom.jpg,Houses Dataset\432_frontal.jpg,Houses Dataset\432_kitchen.jpg
4,2,1966,93510,530000,433,Houses Dataset\433_bathroom.jpg,Houses Dataset\433_bedroom.jpg,Houses Dataset\433_frontal.jpg,Houses Dataset\433_kitchen.jpg
3,2,1387,93510,395000,434,Houses Dataset\434_bathroom.jpg,Houses Dataset\434_bedroom.jpg,Houses Dataset\434_frontal.jpg,Houses Dataset\434_kitchen.jpg
3,3,2522,93510,705000,435,Houses Dataset\435_bathroom.jpg,Houses Dataset\435_bedroom.jpg,Houses Dataset\435_frontal.jpg,Houses Dataset\435_kitchen.jpg
3,2,2095,93510,479000,436,Houses Dataset\436_bathroom.jpg,Houses Dataset\436_bedroom.jpg,Houses Dataset\436_frontal.jpg,Houses Dataset\436_kitchen.jpg
3,2,1932,93510,309900,437,Houses Dataset\437_bathroom.jpg,Houses Dataset\437_bedroom.jpg,Houses Dataset\437_frontal.jpg,Houses Dataset\437_kitchen.jpg
4,3,3624,93510,698777,438,Houses Dataset\438_bathroom.jpg,Houses Dataset\438_bedroom.jpg,Houses Dataset\438_frontal.jpg,Houses Dataset\438_kitchen.jpg
3,3,2848,93510,547900,439,Houses Dataset\439_bathroom.jpg,Houses Dataset\439_bedroom.jpg,Houses Dataset\439_frontal.jpg,Houses Dataset\439_kitchen.jpg
3,2,1152,93510,425000,440,Houses Dataset\440_bathroom.jpg,Houses Dataset\440_bedroom.jpg,Houses Dataset\440_frontal.jpg,Houses Dataset\440_kitchen.jpg
4,3,1625,93510,639000,441,Houses Dataset\441_bathroom.jpg,Houses Dataset\441_bedroom.jpg,Houses Dataset\441_frontal.jpg,Houses Dataset\441_kitchen.jpg
4,2,1717,93510,494000,442,Houses Dataset\442_bathroom.jpg,Houses Dataset\442_bedroom.jpg,Houses Dataset\442_frontal.jpg,Houses Dataset\442_kitchen.jpg
4,4,3220,93510,699000,443,Houses Dataset\443_bathroom.jpg,Houses Dataset\443_bedroom.jpg,Houses Dataset\443_frontal.jpg,Houses Dataset\443_kitchen.jpg
5,3.5,3342,93510,639000,444,Houses Dataset\444_bathroom.jpg,Houses Dataset\444_bedroom.jpg,Houses Dataset\444_frontal.jpg,Houses Dataset\444_kitchen.jpg
3,3,2800,93510,630000,445,Houses Dataset\445_bathroom.jpg,Houses Dataset\445_bedroom.jpg,Houses Dataset\445_frontal.jpg,Houses Dataset\445_kitchen.jpg
3,3,2362,93510,541000,446,Houses Dataset\446_bathroom.jpg,Houses Dataset\446_bedroom.jpg,Houses Dataset\446_frontal.jpg,Houses Dataset\446_kitchen.jpg
3,2,2061,93510,529000,447,Houses Dataset\447_bathroom.jpg,Houses Dataset\447_bedroom.jpg,Houses Dataset\447_frontal.jpg,Houses Dataset\447_kitchen.jpg
4,4,3522,93510,680000,448,Houses Dataset\448_bathroom.jpg,Houses Dataset\448_bedroom.jpg,Houses Dataset\448_frontal.jpg,Houses Dataset\448_kitchen.jpg
2,1,1320,93510,520000,449,Houses Dataset\449_bathroom.jpg,Houses Dataset\449_bedroom.jpg,Houses Dataset\449_frontal.jpg,Houses Dataset\449_kitchen.jpg
3,3,2356,93510,710000,450,Houses Dataset\450_bathroom.jpg,Houses Dataset\450_bedroom.jpg,Houses Dataset\450_frontal.jpg,Houses Dataset\450_kitchen.jpg
3,3,2808,93510,599999,451,Houses Dataset\451_bathroom.jpg,Houses Dataset\451_bedroom.jpg,Houses Dataset\451_frontal.jpg,Houses Dataset\451_kitchen.jpg
2,2,1059,93510,445000,452,Houses Dataset\452_bathroom.jpg,Houses Dataset\452_bedroom.jpg,Houses Dataset\452_frontal.jpg,Houses Dataset\452_kitchen.jpg
4,3,2774,93510,599500,453,Houses Dataset\453_bathroom.jpg,Houses Dataset\453_bedroom.jpg,Houses Dataset\453_frontal.jpg,Houses Dataset\453_kitchen.jpg
3,2.5,1991,93510,515000,454,Houses Dataset\454_bathroom.jpg,Houses Dataset\454_bedroom.jpg,Houses Dataset\454_frontal.jpg,Houses Dataset\454_kitchen.jpg
4,4,3030,93510,759000,455,Houses Dataset\455_bathroom.jpg,Houses Dataset\455_bedroom.jpg,Houses Dataset\455_frontal.jpg,Houses Dataset\455_kitchen.jpg
4,2,1916,93510,549950,456,Houses Dataset\456_bathroom.jpg,Houses Dataset\456_bedroom.jpg,Houses Dataset\456_frontal.jpg,Houses Dataset\456_kitchen.jpg
6,5,4090,93510,859000,457,Houses Dataset\457_bathroom.jpg,Houses Dataset\457_bedroom.jpg,Houses Dataset\457_frontal.jpg,Houses Dataset\457_kitchen.jpg
3,2,1400,93446,139900,458,Houses Dataset\458_bathroom.jpg,Houses Dataset\458_bedroom.jpg,Houses Dataset\458_frontal.jpg,Houses Dataset\458_kitchen.jpg
3,2,1939,93446,575000,459,Houses Dataset\459_bathroom.jpg,Houses Dataset\459_bedroom.jpg,Houses Dataset\459_frontal.jpg,Houses Dataset\459_kitchen.jpg
4,3,2118,93446,489900,460,Houses Dataset\460_bathroom.jpg,Houses Dataset\460_bedroom.jpg,Houses Dataset\460_frontal.jpg,Houses Dataset\460_kitchen.jpg
3,2,1940,93446,530000,461,Houses Dataset\461_bathroom.jpg,Houses Dataset\461_bedroom.jpg,Houses Dataset\461_frontal.jpg,Houses Dataset\461_kitchen.jpg
10,6,4188,93446,629000,462,Houses Dataset\462_bathroom.jpg,Houses Dataset\462_bedroom.jpg,Houses Dataset\462_frontal.jpg,Houses Dataset\462_kitchen.jpg
3,1.5,1080,93446,325000,463,Houses Dataset\463_bathroom.jpg,Houses Dataset\463_bedroom.jpg,Houses Dataset\463_frontal.jpg,Houses Dataset\463_kitchen.jpg
3,2,1170,93446,235000,464,Houses Dataset\464_bathroom.jpg,Houses Dataset\464_bedroom.jpg,Houses Dataset\464_frontal.jpg,Houses Dataset\464_kitchen.jpg
3,3,2390,93446,769000,465,Houses Dataset\465_bathroom.jpg,Houses Dataset\465_bedroom.jpg,Houses Dataset\465_frontal.jpg,Houses Dataset\465_kitchen.jpg
3,2,1469,93446,299900,466,Houses Dataset\466_bathroom.jpg,Houses Dataset\466_bedroom.jpg,Houses Dataset\466_frontal.jpg,Houses Dataset\466_kitchen.jpg
4,3,1496,93446,515000,467,Houses Dataset\467_bathroom.jpg,Houses Dataset\467_bedroom.jpg,Houses Dataset\467_frontal.jpg,Houses Dataset\467_kitchen.jpg
4,2.5,2699,93446,629000,468,Houses Dataset\468_bathroom.jpg,Houses Dataset\468_bedroom.jpg,Houses Dataset\468_frontal.jpg,Houses Dataset\468_kitchen.jpg
3,3,2136,93446,689000,469,Houses Dataset\469_bathroom.jpg,Houses Dataset\469_bedroom.jpg,Houses Dataset\469_frontal.jpg,Houses Dataset\469_kitchen.jpg
5,2,2544,93446,599000,470,Houses Dataset\470_bathroom.jpg,Houses Dataset\470_bedroom.jpg,Houses Dataset\470_frontal.jpg,Houses Dataset\470_kitchen.jpg
4,3.5,2090,93446,499000,471,Houses Dataset\471_bathroom.jpg,Houses Dataset\471_bedroom.jpg,Houses Dataset\471_frontal.jpg,Houses Dataset\471_kitchen.jpg
2,2,1248,93446,175000,472,Houses Dataset\472_bathroom.jpg,Houses Dataset\472_bedroom.jpg,Houses Dataset\472_frontal.jpg,Houses Dataset\472_kitchen.jpg
4,4,4600,93446,1250000,473,Houses Dataset\473_bathroom.jpg,Houses Dataset\473_bedroom.jpg,Houses Dataset\473_frontal.jpg,Houses Dataset\473_kitchen.jpg
3,2,1712,93446,310000,474,Houses Dataset\474_bathroom.jpg,Houses Dataset\474_bedroom.jpg,Houses Dataset\474_frontal.jpg,Houses Dataset\474_kitchen.jpg
3,2,1920,93446,625000,475,Houses Dataset\475_bathroom.jpg,Houses Dataset\475_bedroom.jpg,Houses Dataset\475_frontal.jpg,Houses Dataset\475_kitchen.jpg
3,2,1705,93446,499500,476,Houses Dataset\476_bathroom.jpg,Houses Dataset\476_bedroom.jpg,Houses Dataset\476_frontal.jpg,Houses Dataset\476_kitchen.jpg
2,2,1742,93446,975000,477,Houses Dataset\477_bathroom.jpg,Houses Dataset\477_bedroom.jpg,Houses Dataset\477_frontal.jpg,Houses Dataset\477_kitchen.jpg
4,3.5,3101,93446,895000,478,Houses Dataset\478_bathroom.jpg,Houses Dataset\478_bedroom.jpg,Houses Dataset\478_frontal.jpg,Houses Dataset\478_kitchen.jpg
2,2,1056,93446,179900,479,Houses Dataset\479_bathroom.jpg,Houses Dataset\479_bedroom.jpg,Houses Dataset\479_frontal.jpg,Houses Dataset\479_kitchen.jpg
2,2,1190,93446,739900,480,Houses Dataset\480_bathroom.jpg,Houses Dataset\480_bedroom.jpg,Houses Dataset\480_frontal.jpg,Houses Dataset\480_kitchen.jpg
3,2,1410,93446,330000,481,Houses Dataset\481_bathroom.jpg,Houses Dataset\481_bedroom.jpg,Houses Dataset\481_frontal.jpg,Houses Dataset\481_kitchen.jpg
3,2,1822,93446,510000,482,Houses Dataset\482_bathroom.jpg,Houses Dataset\482_bedroom.jpg,Houses Dataset\482_frontal.jpg,Houses Dataset\482_kitchen.jpg
3,2,2198,93446,625000,483,Houses Dataset\483_bathroom.jpg,Houses Dataset\483_bedroom.jpg,Houses Dataset\483_frontal.jpg,Houses Dataset\483_kitchen.jpg
2,2,1088,93446,280000,484,Houses Dataset\484_bathroom.jpg,Houses Dataset\484_bedroom.jpg,Houses Dataset\484_frontal.jpg,Houses Dataset\484_kitchen.jpg
2,2,1088,93446,265000,485,Houses Dataset\485_bathroom.jpg,Houses Dataset\485_bedroom.jpg,Houses Dataset\485_frontal.jpg,Houses Dataset\485_kitchen.jpg
6,5.5,5000,93446,2200000,486,Houses Dataset\486_bathroom.jpg,Houses Dataset\486_bedroom.jpg,Houses Dataset\486_frontal.jpg,Houses Dataset\486_kitchen.jpg
2,2,1088,93446,275000,487,Houses Dataset\487_bathroom.jpg,Houses Dataset\487_bedroom.jpg,Houses Dataset\487_frontal.jpg,Houses Dataset\487_kitchen.jpg
2,2,900,93446,125000,488,Houses Dataset\488_bathroom.jpg,Houses Dataset\488_bedroom.jpg,Houses Dataset\488_frontal.jpg,Houses Dataset\488_kitchen.jpg
2,2,1538,93446,699500,489,Houses Dataset\489_bathroom.jpg,Houses Dataset\489_bedroom.jpg,Houses Dataset\489_frontal.jpg,Houses Dataset\489_kitchen.jpg
3,2,1640,93446,425000,490,Houses Dataset\490_bathroom.jpg,Houses Dataset\490_bedroom.jpg,Houses Dataset\490_frontal.jpg,Houses Dataset\490_kitchen.jpg
3,2,2108,93446,439000,491,Houses Dataset\491_bathroom.jpg,Houses Dataset\491_bedroom.jpg,Houses Dataset\491_frontal.jpg,Houses Dataset\491_kitchen.jpg
2,1,854,93446,179000,492,Houses Dataset\492_bathroom.jpg,Houses Dataset\492_bedroom.jpg,Houses Dataset\492_frontal.jpg,Houses Dataset\492_kitchen.jpg
4,3,2617,93446,579500,493,Houses Dataset\493_bathroom.jpg,Houses Dataset\493_bedroom.jpg,Houses Dataset\493_frontal.jpg,Houses Dataset\493_kitchen.jpg
6,4.5,4386,93446,759000,494,Houses Dataset\494_bathroom.jpg,Houses Dataset\494_bedroom.jpg,Houses Dataset\494_frontal.jpg,Houses Dataset\494_kitchen.jpg
3,2,1570,93446,435000,495,Houses Dataset\495_bathroom.jpg,Houses Dataset\495_bedroom.jpg,Houses Dataset\495_frontal.jpg,Houses Dataset\495_kitchen.jpg
2,2,1257,93446,380000,496,Houses Dataset\496_bathroom.jpg,Houses Dataset\496_bedroom.jpg,Houses Dataset\496_frontal.jpg,Houses Dataset\496_kitchen.jpg
4,2,2072,93446,429900,497,Houses Dataset\497_bathroom.jpg,Houses Dataset\497_bedroom.jpg,Houses Dataset\497_frontal.jpg,Houses Dataset\497_kitchen.jpg
2,2,2213,93446,585000,498,Houses Dataset\498_bathroom.jpg,Houses Dataset\498_bedroom.jpg,Houses Dataset\498_frontal.jpg,Houses Dataset\498_kitchen.jpg
3,2.5,1500,93446,319000,499,Houses Dataset\499_bathroom.jpg,Houses Dataset\499_bedroom.jpg,Houses Dataset\499_frontal.jpg,Houses Dataset\499_kitchen.jpg
4,4,3000,93446,1495000,500,Houses Dataset\500_bathroom.jpg,Houses Dataset\500_bedroom.jpg,Houses Dataset\500_frontal.jpg,Houses Dataset\500_kitchen.jpg
3,2,2330,93446,599900,501,Houses Dataset\501_bathroom.jpg,Houses Dataset\501_bedroom.jpg,Houses Dataset\501_frontal.jpg,Houses Dataset\501_kitchen.jpg
3,2.5,1339,93446,344900,502,Houses Dataset\502_bathroom.jpg,Houses Dataset\502_bedroom.jpg,Houses Dataset\502_frontal.jpg,Houses Dataset\502_kitchen.jpg
3,2,1472,93446,309995,503,Houses Dataset\503_bathroom.jpg,Houses Dataset\503_bedroom.jpg,Houses Dataset\503_frontal.jpg,Houses Dataset\503_kitchen.jpg
4,4,2681,93446,572000,504,Houses Dataset\504_bathroom.jpg,Houses Dataset\504_bedroom.jpg,Houses Dataset\504_frontal.jpg,Houses Dataset\504_kitchen.jpg
3,2.5,1935,92802,695000,505,Houses Dataset\505_bathroom.jpg,Houses Dataset\505_bedroom.jpg,Houses Dataset\505_frontal.jpg,Houses Dataset\505_kitchen.jpg
3,2,1471,92802,525000,506,Houses Dataset\506_bathroom.jpg,Houses Dataset\506_bedroom.jpg,Houses Dataset\506_frontal.jpg,Houses Dataset\506_kitchen.jpg
3,2,1248,92802,78000,507,Houses Dataset\507_bathroom.jpg,Houses Dataset\507_bedroom.jpg,Houses Dataset\507_frontal.jpg,Houses Dataset\507_kitchen.jpg
3,1.5,1214,92802,424900,508,Houses Dataset\508_bathroom.jpg,Houses Dataset\508_bedroom.jpg,Houses Dataset\508_frontal.jpg,Houses Dataset\508_kitchen.jpg
4,3,1882,92802,825000,509,Houses Dataset\509_bathroom.jpg,Houses Dataset\509_bedroom.jpg,Houses Dataset\509_frontal.jpg,Houses Dataset\509_kitchen.jpg
2,2.5,987,92802,475000,510,Houses Dataset\510_bathroom.jpg,Houses Dataset\510_bedroom.jpg,Houses Dataset\510_frontal.jpg,Houses Dataset\510_kitchen.jpg
4,3,1606,92802,850000,511,Houses Dataset\511_bathroom.jpg,Houses Dataset\511_bedroom.jpg,Houses Dataset\511_frontal.jpg,Houses Dataset\511_kitchen.jpg
3,2.5,1554,92802,409900,512,Houses Dataset\512_bathroom.jpg,Houses Dataset\512_bedroom.jpg,Houses Dataset\512_frontal.jpg,Houses Dataset\512_kitchen.jpg
3,2.5,1717,92802,540000,513,Houses Dataset\513_bathroom.jpg,Houses Dataset\513_bedroom.jpg,Houses Dataset\513_frontal.jpg,Houses Dataset\513_kitchen.jpg
4,2,1475,94531,385000,514,Houses Dataset\514_bathroom.jpg,Houses Dataset\514_bedroom.jpg,Houses Dataset\514_frontal.jpg,Houses Dataset\514_kitchen.jpg
3,2,1052,94531,195000,515,Houses Dataset\515_bathroom.jpg,Houses Dataset\515_bedroom.jpg,Houses Dataset\515_frontal.jpg,Houses Dataset\515_kitchen.jpg
4,3,2353,94531,458000,516,Houses Dataset\516_bathroom.jpg,Houses Dataset\516_bedroom.jpg,Houses Dataset\516_frontal.jpg,Houses Dataset\516_kitchen.jpg
4,2.5,2422,94531,468000,517,Houses Dataset\517_bathroom.jpg,Houses Dataset\517_bedroom.jpg,Houses Dataset\517_frontal.jpg,Houses Dataset\517_kitchen.jpg
3,2.5,2650,94531,458000,518,Houses Dataset\518_bathroom.jpg,Houses Dataset\518_bedroom.jpg,Houses Dataset\518_frontal.jpg,Houses Dataset\518_kitchen.jpg
4,2.5,1831,94531,389000,519,Houses Dataset\519_bathroom.jpg,Houses Dataset\519_bedroom.jpg,Houses Dataset\519_frontal.jpg,Houses Dataset\519_kitchen.jpg
4,2,2334,94531,460000,520,Houses Dataset\520_bathroom.jpg,Houses Dataset\520_bedroom.jpg,Houses Dataset\520_frontal.jpg,Houses Dataset\520_kitchen.jpg
5,3,2179,94531,430000,521,Houses Dataset\521_bathroom.jpg,Houses Dataset\521_bedroom.jpg,Houses Dataset\521_frontal.jpg,Houses Dataset\521_kitchen.jpg
4,2.5,1662,94531,329900,522,Houses Dataset\522_bathroom.jpg,Houses Dataset\522_bedroom.jpg,Houses Dataset\522_frontal.jpg,Houses Dataset\522_kitchen.jpg
4,3,1765,94531,349900,523,Houses Dataset\523_bathroom.jpg,Houses Dataset\523_bedroom.jpg,Houses Dataset\523_frontal.jpg,Houses Dataset\523_kitchen.jpg
3,2,2012,94531,454999,524,Houses Dataset\524_bathroom.jpg,Houses Dataset\524_bedroom.jpg,Houses Dataset\524_frontal.jpg,Houses Dataset\524_kitchen.jpg
7,4,3871,94531,569950,525,Houses Dataset\525_bathroom.jpg,Houses Dataset\525_bedroom.jpg,Houses Dataset\525_frontal.jpg,Houses Dataset\525_kitchen.jpg
5,3,3679,94531,525000,526,Houses Dataset\526_bathroom.jpg,Houses Dataset\526_bedroom.jpg,Houses Dataset\526_frontal.jpg,Houses Dataset\526_kitchen.jpg
4,2.5,1794,94531,380000,527,Houses Dataset\527_bathroom.jpg,Houses Dataset\527_bedroom.jpg,Houses Dataset\527_frontal.jpg,Houses Dataset\527_kitchen.jpg
4,3.5,3420,94531,550000,528,Houses Dataset\528_bathroom.jpg,Houses Dataset\528_bedroom.jpg,Houses Dataset\528_frontal.jpg,Houses Dataset\528_kitchen.jpg
4,3,2506,94531,449950,529,Houses Dataset\529_bathroom.jpg,Houses Dataset\529_bedroom.jpg,Houses Dataset\529_frontal.jpg,Houses Dataset\529_kitchen.jpg
4,2.5,2236,94531,495000,530,Houses Dataset\530_bathroom.jpg,Houses Dataset\530_bedroom.jpg,Houses Dataset\530_frontal.jpg,Houses Dataset\530_kitchen.jpg
5,2,2066,94531,399900,531,Houses Dataset\531_bathroom.jpg,Houses Dataset\531_bedroom.jpg,Houses Dataset\531_frontal.jpg,Houses Dataset\531_kitchen.jpg
4,3.5,9536,94531,460000,532,Houses Dataset\532_bathroom.jpg,Houses Dataset\532_bedroom.jpg,Houses Dataset\532_frontal.jpg,Houses Dataset\532_kitchen.jpg
3,2,2014,94531,407000,533,Houses Dataset\533_bathroom.jpg,Houses Dataset\533_bedroom.jpg,Houses Dataset\533_frontal.jpg,Houses Dataset\533_kitchen.jpg
4,3,2312,94531,419000,534,Houses Dataset\534_bathroom.jpg,Houses Dataset\534_bedroom.jpg,Houses Dataset\534_frontal.jpg,Houses Dataset\534_kitchen.jpg
5,3,3796,94531,615000,535,Houses Dataset\535_bathroom.jpg,Houses Dataset\535_bedroom.jpg,Houses Dataset\535_frontal.jpg,Houses Dataset\535_kitchen.jpg
